"analysis_id","prevalence_start_date","prevalence_end_date","n_cases","n_population","prevalence","prevalence_95CI_lower","prevalence_95CI_upper","cohort_obscured","result_obscured","outcome_cohort_id","outcome_cohort_name","analysis_outcome_lookback_days","analysis_type","analysis_interval","analysis_complete_database_intervals","analysis_time_point","analysis_full_contribution","analysis_min_cell_count","denominator_cohort_id","denominator_cohort_name","denominator_age_group","denominator_sex","denominator_days_prior_history","denominator_start_date","denominator_end_date","denominator_strata_cohort_definition_id","denominator_strata_cohort_name","denominator_closed_cohort","cdm_name"
"1",2008-01-01,2008-01-01,299,41711,0.00716837285128623,0.00640292243566735,0.00802459155632059,"FALSE","FALSE",1,"cohort_1",0,"point","years",FALSE,"start",FALSE,5,1,"Denominator cohort 1","18 to 39","Female",365,2008-01-01,2012-01-01,NA,NA,FALSE,"SIDIAP"
"1",2009-01-01,2009-01-01,270,41970,0.00643316654753395,0.00571216680518284,0.00724450906529332,"FALSE","FALSE",1,"cohort_1",0,"point","years",FALSE,"start",FALSE,5,1,"Denominator cohort 1","18 to 39","Female",365,2008-01-01,2012-01-01,NA,NA,FALSE,"SIDIAP"
"1",2010-01-01,2010-01-01,332,42231,0.00786152352537236,0.00706282563745436,0.00874974606289983,"FALSE","FALSE",1,"cohort_1",0,"point","years",FALSE,"start",FALSE,5,1,"Denominator cohort 1","18 to 39","Female",365,2008-01-01,2012-01-01,NA,NA,FALSE,"SIDIAP"
"1",2011-01-01,2011-01-01,272,41968,0.00648112847884102,0.00575728600188471,0.00729530925672912,"FALSE","FALSE",1,"cohort_1",0,"point","years",FALSE,"start",FALSE,5,1,"Denominator cohort 1","18 to 39","Female",365,2008-01-01,2012-01-01,NA,NA,FALSE,"SIDIAP"
"1",2012-01-01,2012-01-01,288,41824,0.00688599846977812,0.00613749464401607,0.00772507723628393,"FALSE","FALSE",1,"cohort_1",0,"point","years",FALSE,"start",FALSE,5,1,"Denominator cohort 1","18 to 39","Female",365,2008-01-01,2012-01-01,NA,NA,FALSE,"SIDIAP"
"10",2008-01-01,2008-01-01,943,133263,0.00707623271275598,0.00664018240527094,0.00754070038697752,"FALSE","FALSE",1,"cohort_1",0,"point","years",FALSE,"start",FALSE,5,10,"Denominator cohort 10","18 to 99","Female",365,2008-01-01,2012-01-01,NA,NA,FALSE,"SIDIAP"
"10",2009-01-01,2009-01-01,866,135768,0.00637852807730835,0.00596880257586926,0.00681618612406799,"FALSE","FALSE",1,"cohort_1",0,"point","years",FALSE,"start",FALSE,5,10,"Denominator cohort 10","18 to 99","Female",365,2008-01-01,2012-01-01,NA,NA,FALSE,"SIDIAP"
"10",2010-01-01,2010-01-01,947,138062,0.00685923715432197,0.00643738208158466,0.00730853391594136,"FALSE","FALSE",1,"cohort_1",0,"point","years",FALSE,"start",FALSE,5,10,"Denominator cohort 10","18 to 99","Female",365,2008-01-01,2012-01-01,NA,NA,FALSE,"SIDIAP"
"10",2011-01-01,2011-01-01,912,139132,0.00655492625707961,0.00614431305561339,0.00699278691558038,"FALSE","FALSE",1,"cohort_1",0,"point","years",FALSE,"start",FALSE,5,10,"Denominator cohort 10","18 to 99","Female",365,2008-01-01,2012-01-01,NA,NA,FALSE,"SIDIAP"
"10",2012-01-01,2012-01-01,936,141245,0.00662678324896456,0.00621686881460901,0.00706353362584267,"FALSE","FALSE",1,"cohort_1",0,"point","years",FALSE,"start",FALSE,5,10,"Denominator cohort 10","18 to 99","Female",365,2008-01-01,2012-01-01,NA,NA,FALSE,"SIDIAP"
"11",2008-01-01,2008-01-01,858,133225,0.00644023268905986,0.00602469487371776,0.00688423265270132,"FALSE","FALSE",1,"cohort_1",0,"point","years",FALSE,"start",FALSE,5,11,"Denominator cohort 11","18 to 99","Male",365,2008-01-01,2012-01-01,NA,NA,FALSE,"SIDIAP"
"11",2009-01-01,2009-01-01,902,136235,0.00662091239402503,0.00620395963148841,0.00706568828582105,"FALSE","FALSE",1,"cohort_1",0,"point","years",FALSE,"start",FALSE,5,11,"Denominator cohort 11","18 to 99","Male",365,2008-01-01,2012-01-01,NA,NA,FALSE,"SIDIAP"
"11",2010-01-01,2010-01-01,897,137429,0.00652700667253636,0.00611484305089631,0.00696675694905265,"FALSE","FALSE",1,"cohort_1",0,"point","years",FALSE,"start",FALSE,5,11,"Denominator cohort 11","18 to 99","Male",365,2008-01-01,2012-01-01,NA,NA,FALSE,"SIDIAP"
"11",2011-01-01,2011-01-01,937,139978,0.00669390904284959,0.00628006909539924,0.00713482414540093,"FALSE","FALSE",1,"cohort_1",0,"point","years",FALSE,"start",FALSE,5,11,"Denominator cohort 11","18 to 99","Male",365,2008-01-01,2012-01-01,NA,NA,FALSE,"SIDIAP"
"11",2012-01-01,2012-01-01,939,140942,0.00666231499482056,0.00625084733385471,0.00710067435237042,"FALSE","FALSE",1,"cohort_1",0,"point","years",FALSE,"start",FALSE,5,11,"Denominator cohort 11","18 to 99","Male",365,2008-01-01,2012-01-01,NA,NA,FALSE,"SIDIAP"
"12",2008-01-01,2008-01-01,1801,266488,0.00675827804629101,0.00645424149017891,0.00707653468323682,"FALSE","FALSE",1,"cohort_1",0,"point","years",FALSE,"start",FALSE,5,12,"Denominator cohort 12","18 to 99","Both",365,2008-01-01,2012-01-01,NA,NA,FALSE,"SIDIAP"
"12",2009-01-01,2009-01-01,1768,272003,0.00649992830961423,0.00620482475148862,0.00680897093039901,"FALSE","FALSE",1,"cohort_1",0,"point","years",FALSE,"start",FALSE,5,12,"Denominator cohort 12","18 to 99","Both",365,2008-01-01,2012-01-01,NA,NA,FALSE,"SIDIAP"
"12",2010-01-01,2010-01-01,1844,275491,0.00669350359902864,0.00639582382079632,0.00700494056111145,"FALSE","FALSE",1,"cohort_1",0,"point","years",FALSE,"start",FALSE,5,12,"Denominator cohort 12","18 to 99","Both",365,2008-01-01,2012-01-01,NA,NA,FALSE,"SIDIAP"
"12",2011-01-01,2011-01-01,1849,279110,0.0066246282827559,0.00633039168692962,0.00693244558216672,"FALSE","FALSE",1,"cohort_1",0,"point","years",FALSE,"start",FALSE,5,12,"Denominator cohort 12","18 to 99","Both",365,2008-01-01,2012-01-01,NA,NA,FALSE,"SIDIAP"
"12",2012-01-01,2012-01-01,1875,282187,0.00664453004567893,0.00635141953097263,0.00695107263856322,"FALSE","FALSE",1,"cohort_1",0,"point","years",FALSE,"start",FALSE,5,12,"Denominator cohort 12","18 to 99","Both",365,2008-01-01,2012-01-01,NA,NA,FALSE,"SIDIAP"
"2",2008-01-01,2008-01-01,259,41711,0.00620939320562921,0.0054996629883396,0.00701006833440403,"FALSE","FALSE",1,"cohort_1",0,"point","years",FALSE,"start",FALSE,5,2,"Denominator cohort 2","18 to 39","Male",365,2008-01-01,2012-01-01,NA,NA,FALSE,"SIDIAP"
"2",2009-01-01,2009-01-01,271,41898,0.00646808916893408,0.00574444589576375,0.00728222405040374,"FALSE","FALSE",1,"cohort_1",0,"point","years",FALSE,"start",FALSE,5,2,"Denominator cohort 2","18 to 39","Male",365,2008-01-01,2012-01-01,NA,NA,FALSE,"SIDIAP"
"2",2010-01-01,2010-01-01,255,41920,0.00608301526717557,0.00538259101768443,0.00687395420671754,"FALSE","FALSE",1,"cohort_1",0,"point","years",FALSE,"start",FALSE,5,2,"Denominator cohort 2","18 to 39","Male",365,2008-01-01,2012-01-01,NA,NA,FALSE,"SIDIAP"
"2",2011-01-01,2011-01-01,268,42487,0.00630781180125686,0.00559834695444957,0.00710654285913232,"FALSE","FALSE",1,"cohort_1",0,"point","years",FALSE,"start",FALSE,5,2,"Denominator cohort 2","18 to 39","Male",365,2008-01-01,2012-01-01,NA,NA,FALSE,"SIDIAP"
"2",2012-01-01,2012-01-01,284,42071,0.00675049321385277,0.00601182333856975,0.00757923105388386,"FALSE","FALSE",1,"cohort_1",0,"point","years",FALSE,"start",FALSE,5,2,"Denominator cohort 2","18 to 39","Male",365,2008-01-01,2012-01-01,NA,NA,FALSE,"SIDIAP"
"3",2008-01-01,2008-01-01,558,83422,0.00668888302845772,0.00615801469229109,0.00726518175665875,"FALSE","FALSE",1,"cohort_1",0,"point","years",FALSE,"start",FALSE,5,3,"Denominator cohort 3","18 to 39","Both",365,2008-01-01,2012-01-01,NA,NA,FALSE,"SIDIAP"
"3",2009-01-01,2009-01-01,541,83868,0.00645061286783994,0.00593095152543093,0.00701548484623046,"FALSE","FALSE",1,"cohort_1",0,"point","years",FALSE,"start",FALSE,5,3,"Denominator cohort 3","18 to 39","Both",365,2008-01-01,2012-01-01,NA,NA,FALSE,"SIDIAP"
"3",2010-01-01,2010-01-01,587,84151,0.00697555584603867,0.00643529826749775,0.00756082409935437,"FALSE","FALSE",1,"cohort_1",0,"point","years",FALSE,"start",FALSE,5,3,"Denominator cohort 3","18 to 39","Both",365,2008-01-01,2012-01-01,NA,NA,FALSE,"SIDIAP"
"3",2011-01-01,2011-01-01,540,84455,0.00639393759990528,0.00587837226179593,0.00695440450970571,"FALSE","FALSE",1,"cohort_1",0,"point","years",FALSE,"start",FALSE,5,3,"Denominator cohort 3","18 to 39","Both",365,2008-01-01,2012-01-01,NA,NA,FALSE,"SIDIAP"
"3",2012-01-01,2012-01-01,572,83895,0.00681804636748316,0.00628335032207175,0.00739790485216184,"FALSE","FALSE",1,"cohort_1",0,"point","years",FALSE,"start",FALSE,5,3,"Denominator cohort 3","18 to 39","Both",365,2008-01-01,2012-01-01,NA,NA,FALSE,"SIDIAP"
"4",2008-01-01,2008-01-01,276,38084,0.00724713790568218,0.00644354599961209,0.00815012582664909,"FALSE","FALSE",1,"cohort_1",0,"point","years",FALSE,"start",FALSE,5,4,"Denominator cohort 4","40 to 59","Female",365,2008-01-01,2012-01-01,NA,NA,FALSE,"SIDIAP"
"4",2009-01-01,2009-01-01,227,38012,0.00597179837945912,0.00524561881184918,0.0067978199560822,"FALSE","FALSE",1,"cohort_1",0,"point","years",FALSE,"start",FALSE,5,4,"Denominator cohort 4","40 to 59","Female",365,2008-01-01,2012-01-01,NA,NA,FALSE,"SIDIAP"
"4",2010-01-01,2010-01-01,264,38214,0.00690846286701209,0.0061261232142397,0.00778992851761302,"FALSE","FALSE",1,"cohort_1",0,"point","years",FALSE,"start",FALSE,5,4,"Denominator cohort 4","40 to 59","Female",365,2008-01-01,2012-01-01,NA,NA,FALSE,"SIDIAP"
"4",2011-01-01,2011-01-01,265,38221,0.00693336124120248,0.00614960470482696,0.00781622061836757,"FALSE","FALSE",1,"cohort_1",0,"point","years",FALSE,"start",FALSE,5,4,"Denominator cohort 4","40 to 59","Female",365,2008-01-01,2012-01-01,NA,NA,FALSE,"SIDIAP"
"4",2012-01-01,2012-01-01,274,38222,0.00716864632933912,0.00637100527777475,0.00806534033976182,"FALSE","FALSE",1,"cohort_1",0,"point","years",FALSE,"start",FALSE,5,4,"Denominator cohort 4","40 to 59","Female",365,2008-01-01,2012-01-01,NA,NA,FALSE,"SIDIAP"
"5",2008-01-01,2008-01-01,261,37931,0.00688091534628668,0.0060974886967107,0.00776421306871013,"FALSE","FALSE",1,"cohort_1",0,"point","years",FALSE,"start",FALSE,5,5,"Denominator cohort 5","40 to 59","Male",365,2008-01-01,2012-01-01,NA,NA,FALSE,"SIDIAP"
"5",2009-01-01,2009-01-01,266,38345,0.00693701916807928,0.00615423801729294,0.00781858198030947,"FALSE","FALSE",1,"cohort_1",0,"point","years",FALSE,"start",FALSE,5,5,"Denominator cohort 5","40 to 59","Male",365,2008-01-01,2012-01-01,NA,NA,FALSE,"SIDIAP"
"5",2010-01-01,2010-01-01,262,38032,0.00688893563315103,0.00610600697571687,0.00777146854673631,"FALSE","FALSE",1,"cohort_1",0,"point","years",FALSE,"start",FALSE,5,5,"Denominator cohort 5","40 to 59","Male",365,2008-01-01,2012-01-01,NA,NA,FALSE,"SIDIAP"
"5",2011-01-01,2011-01-01,274,38231,0.00716695875075201,0.00636950490610353,0.00806344257754258,"FALSE","FALSE",1,"cohort_1",0,"point","years",FALSE,"start",FALSE,5,5,"Denominator cohort 5","40 to 59","Male",365,2008-01-01,2012-01-01,NA,NA,FALSE,"SIDIAP"
"5",2012-01-01,2012-01-01,265,38056,0.00696342232499475,0.00617627757311805,0.00785009348778851,"FALSE","FALSE",1,"cohort_1",0,"point","years",FALSE,"start",FALSE,5,5,"Denominator cohort 5","40 to 59","Male",365,2008-01-01,2012-01-01,NA,NA,FALSE,"SIDIAP"
"6",2008-01-01,2008-01-01,537,76015,0.00706439518516082,0.00649341580754195,0.00768519357582466,"FALSE","FALSE",1,"cohort_1",0,"point","years",FALSE,"start",FALSE,5,6,"Denominator cohort 6","40 to 59","Both",365,2008-01-01,2012-01-01,NA,NA,FALSE,"SIDIAP"
"6",2009-01-01,2009-01-01,493,76357,0.00645651348271933,0.00591272529344521,0.00704995871985876,"FALSE","FALSE",1,"cohort_1",0,"point","years",FALSE,"start",FALSE,5,6,"Denominator cohort 6","40 to 59","Both",365,2008-01-01,2012-01-01,NA,NA,FALSE,"SIDIAP"
"6",2010-01-01,2010-01-01,526,76246,0.00689872255593736,0.00633553744011842,0.0075115924505176,"FALSE","FALSE",1,"cohort_1",0,"point","years",FALSE,"start",FALSE,5,6,"Denominator cohort 6","40 to 59","Both",365,2008-01-01,2012-01-01,NA,NA,FALSE,"SIDIAP"
"6",2011-01-01,2011-01-01,539,76452,0.00705017527337414,0.00648135560949631,0.00766853062782117,"FALSE","FALSE",1,"cohort_1",0,"point","years",FALSE,"start",FALSE,5,6,"Denominator cohort 6","40 to 59","Both",365,2008-01-01,2012-01-01,NA,NA,FALSE,"SIDIAP"
"6",2012-01-01,2012-01-01,539,76278,0.00706625763654002,0.00649614448616195,0.00768601784934886,"FALSE","FALSE",1,"cohort_1",0,"point","years",FALSE,"start",FALSE,5,6,"Denominator cohort 6","40 to 59","Both",365,2008-01-01,2012-01-01,NA,NA,FALSE,"SIDIAP"
"7",2008-01-01,2008-01-01,368,53468,0.00688262138101294,0.00621640299510435,0.00761969164155511,"FALSE","FALSE",1,"cohort_1",0,"point","years",FALSE,"start",FALSE,5,7,"Denominator cohort 7","60 to 99","Female",365,2008-01-01,2012-01-01,NA,NA,FALSE,"SIDIAP"
"7",2009-01-01,2009-01-01,369,55786,0.00661456279353243,0.00597504209007805,0.0073220284772986,"FALSE","FALSE",1,"cohort_1",0,"point","years",FALSE,"start",FALSE,5,7,"Denominator cohort 7","60 to 99","Female",365,2008-01-01,2012-01-01,NA,NA,FALSE,"SIDIAP"
"7",2010-01-01,2010-01-01,351,57617,0.00609195202804728,0.00548868210413984,0.00676107754793208,"FALSE","FALSE",1,"cohort_1",0,"point","years",FALSE,"start",FALSE,5,7,"Denominator cohort 7","60 to 99","Female",365,2008-01-01,2012-01-01,NA,NA,FALSE,"SIDIAP"
"7",2011-01-01,2011-01-01,375,58943,0.00636207861832618,0.00575159558946263,0.0070369006244917,"FALSE","FALSE",1,"cohort_1",0,"point","years",FALSE,"start",FALSE,5,7,"Denominator cohort 7","60 to 99","Female",365,2008-01-01,2012-01-01,NA,NA,FALSE,"SIDIAP"
"7",2012-01-01,2012-01-01,374,61199,0.00611121096749947,0.00552399260541835,0.00676042819760202,"FALSE","FALSE",1,"cohort_1",0,"point","years",FALSE,"start",FALSE,5,7,"Denominator cohort 7","60 to 99","Female",365,2008-01-01,2012-01-01,NA,NA,FALSE,"SIDIAP"
"8",2008-01-01,2008-01-01,338,53583,0.00630797081163802,0.00567209661521842,0.00701462722057856,"FALSE","FALSE",1,"cohort_1",0,"point","years",FALSE,"start",FALSE,5,8,"Denominator cohort 8","60 to 99","Male",365,2008-01-01,2012-01-01,NA,NA,FALSE,"SIDIAP"
"8",2009-01-01,2009-01-01,365,55992,0.00651878839834262,0.00588523217155706,0.00722005278715475,"FALSE","FALSE",1,"cohort_1",0,"point","years",FALSE,"start",FALSE,5,8,"Denominator cohort 8","60 to 99","Male",365,2008-01-01,2012-01-01,NA,NA,FALSE,"SIDIAP"
"8",2010-01-01,2010-01-01,380,57477,0.00661134018824921,0.00598098580548686,0.007307641142814,"FALSE","FALSE",1,"cohort_1",0,"point","years",FALSE,"start",FALSE,5,8,"Denominator cohort 8","60 to 99","Male",365,2008-01-01,2012-01-01,NA,NA,FALSE,"SIDIAP"
"8",2011-01-01,2011-01-01,395,59260,0.00666554168072899,0.00604162274260259,0.00735341610873972,"FALSE","FALSE",1,"cohort_1",0,"point","years",FALSE,"start",FALSE,5,8,"Denominator cohort 8","60 to 99","Male",365,2008-01-01,2012-01-01,NA,NA,FALSE,"SIDIAP"
"8",2012-01-01,2012-01-01,390,60815,0.00641289155635945,0.00580890825997295,0.00707922706156912,"FALSE","FALSE",1,"cohort_1",0,"point","years",FALSE,"start",FALSE,5,8,"Denominator cohort 8","60 to 99","Male",365,2008-01-01,2012-01-01,NA,NA,FALSE,"SIDIAP"
"9",2008-01-01,2008-01-01,706,107051,0.00659498743589504,0.0061275105987653,0.00709787406882404,"FALSE","FALSE",1,"cohort_1",0,"point","years",FALSE,"start",FALSE,5,9,"Denominator cohort 9","60 to 99","Both",365,2008-01-01,2012-01-01,NA,NA,FALSE,"SIDIAP"
"9",2009-01-01,2009-01-01,734,111778,0.0065665873427687,0.00610976089053941,0.00705732814299476,"FALSE","FALSE",1,"cohort_1",0,"point","years",FALSE,"start",FALSE,5,9,"Denominator cohort 9","60 to 99","Both",365,2008-01-01,2012-01-01,NA,NA,FALSE,"SIDIAP"
"9",2010-01-01,2010-01-01,731,115094,0.00635133021703998,0.00590856261371073,0.00682704945547945,"FALSE","FALSE",1,"cohort_1",0,"point","years",FALSE,"start",FALSE,5,9,"Denominator cohort 9","60 to 99","Both",365,2008-01-01,2012-01-01,NA,NA,FALSE,"SIDIAP"
"9",2011-01-01,2011-01-01,770,118203,0.00651421706724872,0.0060713689972554,0.00698913951280844,"FALSE","FALSE",1,"cohort_1",0,"point","years",FALSE,"start",FALSE,5,9,"Denominator cohort 9","60 to 99","Both",365,2008-01-01,2012-01-01,NA,NA,FALSE,"SIDIAP"
"9",2012-01-01,2012-01-01,764,122014,0.006261576540397,0.00583424496080192,0.0067199966198252,"FALSE","FALSE",1,"cohort_1",0,"point","years",FALSE,"start",FALSE,5,9,"Denominator cohort 9","60 to 99","Both",365,2008-01-01,2012-01-01,NA,NA,FALSE,"SIDIAP"
"1",2008-01-01,2008-12-31,10739,91804,0.116977473748421,0.114914482955685,0.119072517691271,"FALSE","FALSE",1,"cohort_1",0,"period","years",TRUE,"start",FALSE,0,1,"Denominator cohort 1","18 to 39","Female",365,2008-01-01,2012-01-01,NA,NA,FALSE,"SIDIAP"
"1",2009-01-01,2009-12-31,10808,92166,0.117266671006662,0.115205469341092,0.119359775826222,"FALSE","FALSE",1,"cohort_1",0,"period","years",TRUE,"start",FALSE,0,1,"Denominator cohort 1","18 to 39","Female",365,2008-01-01,2012-01-01,NA,NA,FALSE,"SIDIAP"
"1",2010-01-01,2010-12-31,10814,92007,0.117534535415784,0.115469499053681,0.119631507695637,"FALSE","FALSE",1,"cohort_1",0,"period","years",TRUE,"start",FALSE,0,1,"Denominator cohort 1","18 to 39","Female",365,2008-01-01,2012-01-01,NA,NA,FALSE,"SIDIAP"
"1",2011-01-01,2011-12-31,10769,91968,0.117095076548365,0.115033001422453,0.119189137844659,"FALSE","FALSE",1,"cohort_1",0,"period","years",TRUE,"start",FALSE,0,1,"Denominator cohort 1","18 to 39","Female",365,2008-01-01,2012-01-01,NA,NA,FALSE,"SIDIAP"
"10",2008-01-01,2008-12-31,34648,289666,0.119613623966914,0.11843691362877,0.120800423298734,"FALSE","FALSE",1,"cohort_1",0,"period","years",TRUE,"start",FALSE,0,10,"Denominator cohort 10","18 to 99","Female",365,2008-01-01,2012-01-01,NA,NA,FALSE,"SIDIAP"
"10",2009-01-01,2009-12-31,35088,294056,0.11932421035449,0.118157510229964,0.120500856416297,"FALSE","FALSE",1,"cohort_1",0,"period","years",TRUE,"start",FALSE,0,10,"Denominator cohort 10","18 to 99","Female",365,2008-01-01,2012-01-01,NA,NA,FALSE,"SIDIAP"
"10",2010-01-01,2010-12-31,35412,297688,0.118956760097821,0.11779872542447,0.12012462884595,"FALSE","FALSE",1,"cohort_1",0,"period","years",TRUE,"start",FALSE,0,10,"Denominator cohort 10","18 to 99","Female",365,2008-01-01,2012-01-01,NA,NA,FALSE,"SIDIAP"
"10",2011-01-01,2011-12-31,35971,301700,0.119227709645343,0.118076227534663,0.120388888159399,"FALSE","FALSE",1,"cohort_1",0,"period","years",TRUE,"start",FALSE,0,10,"Denominator cohort 10","18 to 99","Female",365,2008-01-01,2012-01-01,NA,NA,FALSE,"SIDIAP"
"11",2008-01-01,2008-12-31,34696,290027,0.11963024132236,0.118454189305055,0.120816369335426,"FALSE","FALSE",1,"cohort_1",0,"period","years",TRUE,"start",FALSE,0,11,"Denominator cohort 11","18 to 99","Male",365,2008-01-01,2012-01-01,NA,NA,FALSE,"SIDIAP"
"11",2009-01-01,2009-12-31,34982,293966,0.119000156480681,0.11783465974661,0.120175610666186,"FALSE","FALSE",1,"cohort_1",0,"period","years",TRUE,"start",FALSE,0,11,"Denominator cohort 11","18 to 99","Male",365,2008-01-01,2012-01-01,NA,NA,FALSE,"SIDIAP"
"11",2010-01-01,2010-12-31,35105,298303,0.117682356530105,0.116530931769622,0.118843627913459,"FALSE","FALSE",1,"cohort_1",0,"period","years",TRUE,"start",FALSE,0,11,"Denominator cohort 11","18 to 99","Male",365,2008-01-01,2012-01-01,NA,NA,FALSE,"SIDIAP"
"11",2011-01-01,2011-12-31,36036,301825,0.119393688395593,0.118241746242756,0.120555318711205,"FALSE","FALSE",1,"cohort_1",0,"period","years",TRUE,"start",FALSE,0,11,"Denominator cohort 11","18 to 99","Male",365,2008-01-01,2012-01-01,NA,NA,FALSE,"SIDIAP"
"12",2008-01-01,2008-12-31,69344,579693,0.119621937818811,0.118789067782148,0.120459849134148,"FALSE","FALSE",1,"cohort_1",0,"period","years",TRUE,"start",FALSE,0,12,"Denominator cohort 12","18 to 99","Both",365,2008-01-01,2012-01-01,NA,NA,FALSE,"SIDIAP"
"12",2009-01-01,2009-12-31,70070,588022,0.119162208216699,0.11833662227548,0.119992770036839,"FALSE","FALSE",1,"cohort_1",0,"period","years",TRUE,"start",FALSE,0,12,"Denominator cohort 12","18 to 99","Both",365,2008-01-01,2012-01-01,NA,NA,FALSE,"SIDIAP"
"12",2010-01-01,2010-12-31,70517,595991,0.11831890078877,0.117501365105662,0.119141356689717,"FALSE","FALSE",1,"cohort_1",0,"period","years",TRUE,"start",FALSE,0,12,"Denominator cohort 12","18 to 99","Both",365,2008-01-01,2012-01-01,NA,NA,FALSE,"SIDIAP"
"12",2011-01-01,2011-12-31,72007,603525,0.119310716208939,0.118495329956874,0.120130948632742,"FALSE","FALSE",1,"cohort_1",0,"period","years",TRUE,"start",FALSE,0,12,"Denominator cohort 12","18 to 99","Both",365,2008-01-01,2012-01-01,NA,NA,FALSE,"SIDIAP"
"2",2008-01-01,2008-12-31,10743,91851,0.116961165365647,0.114898824732653,0.119055544111963,"FALSE","FALSE",1,"cohort_1",0,"period","years",TRUE,"start",FALSE,0,2,"Denominator cohort 2","18 to 39","Male",365,2008-01-01,2012-01-01,NA,NA,FALSE,"SIDIAP"
"2",2009-01-01,2009-12-31,10767,91917,0.117138287803127,0.115075310715778,0.119233265195914,"FALSE","FALSE",1,"cohort_1",0,"period","years",TRUE,"start",FALSE,0,2,"Denominator cohort 2","18 to 39","Male",365,2008-01-01,2012-01-01,NA,NA,FALSE,"SIDIAP"
"2",2010-01-01,2010-12-31,10595,92322,0.114761378652975,0.112721385754746,0.116833429277984,"FALSE","FALSE",1,"cohort_1",0,"period","years",TRUE,"start",FALSE,0,2,"Denominator cohort 2","18 to 39","Male",365,2008-01-01,2012-01-01,NA,NA,FALSE,"SIDIAP"
"2",2011-01-01,2011-12-31,10808,92428,0.116934262344744,0.114878527103889,0.119021837939174,"FALSE","FALSE",1,"cohort_1",0,"period","years",TRUE,"start",FALSE,0,2,"Denominator cohort 2","18 to 39","Male",365,2008-01-01,2012-01-01,NA,NA,FALSE,"SIDIAP"
"3",2008-01-01,2008-12-31,21482,183655,0.116969317470257,0.11550748080376,0.118447177286876,"FALSE","FALSE",1,"cohort_1",0,"period","years",TRUE,"start",FALSE,0,3,"Denominator cohort 3","18 to 39","Both",365,2008-01-01,2012-01-01,NA,NA,FALSE,"SIDIAP"
"3",2009-01-01,2009-12-31,21575,184083,0.11720256623371,0.115741146900362,0.118679961728817,"FALSE","FALSE",1,"cohort_1",0,"period","years",TRUE,"start",FALSE,0,3,"Denominator cohort 3","18 to 39","Both",365,2008-01-01,2012-01-01,NA,NA,FALSE,"SIDIAP"
"3",2010-01-01,2010-12-31,21409,184329,0.11614558750929,0.114690921678091,0.117616252235826,"FALSE","FALSE",1,"cohort_1",0,"period","years",TRUE,"start",FALSE,0,3,"Denominator cohort 3","18 to 39","Both",365,2008-01-01,2012-01-01,NA,NA,FALSE,"SIDIAP"
"3",2011-01-01,2011-12-31,21577,184396,0.117014468860496,0.115555309801752,0.118489584800061,"FALSE","FALSE",1,"cohort_1",0,"period","years",TRUE,"start",FALSE,0,3,"Denominator cohort 3","18 to 39","Both",365,2008-01-01,2012-01-01,NA,NA,FALSE,"SIDIAP"
"4",2008-01-01,2008-12-31,9726,83441,0.116561402667753,0.114401704921057,0.118756404300374,"FALSE","FALSE",1,"cohort_1",0,"period","years",TRUE,"start",FALSE,0,4,"Denominator cohort 4","40 to 59","Female",365,2008-01-01,2012-01-01,NA,NA,FALSE,"SIDIAP"
"4",2009-01-01,2009-12-31,9716,83580,0.116247906197655,0.114092546675715,0.118438539711314,"FALSE","FALSE",1,"cohort_1",0,"period","years",TRUE,"start",FALSE,0,4,"Denominator cohort 4","40 to 59","Female",365,2008-01-01,2012-01-01,NA,NA,FALSE,"SIDIAP"
"4",2010-01-01,2010-12-31,9775,83649,0.11685734437949,0.114697904082277,0.119051973600555,"FALSE","FALSE",1,"cohort_1",0,"period","years",TRUE,"start",FALSE,0,4,"Denominator cohort 4","40 to 59","Female",365,2008-01-01,2012-01-01,NA,NA,FALSE,"SIDIAP"
"4",2011-01-01,2011-12-31,9929,83867,0.118389831518953,0.116220797560964,0.120593822554331,"FALSE","FALSE",1,"cohort_1",0,"period","years",TRUE,"start",FALSE,0,4,"Denominator cohort 4","40 to 59","Female",365,2008-01-01,2012-01-01,NA,NA,FALSE,"SIDIAP"
"5",2008-01-01,2008-12-31,9802,83702,0.117105923394901,0.114945143247093,0.119301847370244,"FALSE","FALSE",1,"cohort_1",0,"period","years",TRUE,"start",FALSE,0,5,"Denominator cohort 5","40 to 59","Male",365,2008-01-01,2012-01-01,NA,NA,FALSE,"SIDIAP"
"5",2009-01-01,2009-12-31,9781,83546,0.117073229119288,0.114910714439252,0.119270956252058,"FALSE","FALSE",1,"cohort_1",0,"period","years",TRUE,"start",FALSE,0,5,"Denominator cohort 5","40 to 59","Male",365,2008-01-01,2012-01-01,NA,NA,FALSE,"SIDIAP"
"5",2010-01-01,2010-12-31,9713,83712,0.11602876529052,0.113876880348728,0.118215888716708,"FALSE","FALSE",1,"cohort_1",0,"period","years",TRUE,"start",FALSE,0,5,"Denominator cohort 5","40 to 59","Male",365,2008-01-01,2012-01-01,NA,NA,FALSE,"SIDIAP"
"5",2011-01-01,2011-12-31,9872,83650,0.118015540944411,0.115846734504224,0.120219429516967,"FALSE","FALSE",1,"cohort_1",0,"period","years",TRUE,"start",FALSE,0,5,"Denominator cohort 5","40 to 59","Male",365,2008-01-01,2012-01-01,NA,NA,FALSE,"SIDIAP"
"6",2008-01-01,2008-12-31,19528,167143,0.116834088175993,0.115302925081849,0.118382863521244,"FALSE","FALSE",1,"cohort_1",0,"period","years",TRUE,"start",FALSE,0,6,"Denominator cohort 6","40 to 59","Both",365,2008-01-01,2012-01-01,NA,NA,FALSE,"SIDIAP"
"6",2009-01-01,2009-12-31,19497,167126,0.116660483706904,0.115130240486247,0.118208348950694,"FALSE","FALSE",1,"cohort_1",0,"period","years",TRUE,"start",FALSE,0,6,"Denominator cohort 6","40 to 59","Both",365,2008-01-01,2012-01-01,NA,NA,FALSE,"SIDIAP"
"6",2010-01-01,2010-12-31,19488,167361,0.116442898883252,0.114914974823885,0.117988430210627,"FALSE","FALSE",1,"cohort_1",0,"period","years",TRUE,"start",FALSE,0,6,"Denominator cohort 6","40 to 59","Both",365,2008-01-01,2012-01-01,NA,NA,FALSE,"SIDIAP"
"6",2011-01-01,2011-12-31,19801,167517,0.118202928657987,0.116665649606639,0.11975771786168,"FALSE","FALSE",1,"cohort_1",0,"period","years",TRUE,"start",FALSE,0,6,"Denominator cohort 6","40 to 59","Both",365,2008-01-01,2012-01-01,NA,NA,FALSE,"SIDIAP"
"7",2008-01-01,2008-12-31,14202,118200,0.120152284263959,0.118311047229552,0.122018210332837,"FALSE","FALSE",1,"cohort_1",0,"period","years",TRUE,"start",FALSE,0,7,"Denominator cohort 7","60 to 99","Female",365,2008-01-01,2012-01-01,NA,NA,FALSE,"SIDIAP"
"7",2009-01-01,2009-12-31,14587,122125,0.119443193449335,0.117636267952581,0.121274059127357,"FALSE","FALSE",1,"cohort_1",0,"period","years",TRUE,"start",FALSE,0,7,"Denominator cohort 7","60 to 99","Female",365,2008-01-01,2012-01-01,NA,NA,FALSE,"SIDIAP"
"7",2010-01-01,2010-12-31,14840,125764,0.117998791387042,0.116227481364973,0.119793437134609,"FALSE","FALSE",1,"cohort_1",0,"period","years",TRUE,"start",FALSE,0,7,"Denominator cohort 7","60 to 99","Female",365,2008-01-01,2012-01-01,NA,NA,FALSE,"SIDIAP"
"7",2011-01-01,2011-12-31,15297,129678,0.11796141211308,0.116217105759609,0.119728352098011,"FALSE","FALSE",1,"cohort_1",0,"period","years",TRUE,"start",FALSE,0,7,"Denominator cohort 7","60 to 99","Female",365,2008-01-01,2012-01-01,NA,NA,FALSE,"SIDIAP"
"8",2008-01-01,2008-12-31,14168,118283,0.119780526364735,0.117942420957699,0.121643327628603,"FALSE","FALSE",1,"cohort_1",0,"period","years",TRUE,"start",FALSE,0,8,"Denominator cohort 8","60 to 99","Male",365,2008-01-01,2012-01-01,NA,NA,FALSE,"SIDIAP"
"8",2009-01-01,2009-12-31,14462,122328,0.118223137793473,0.116425793523855,0.120044459141788,"FALSE","FALSE",1,"cohort_1",0,"period","years",TRUE,"start",FALSE,0,8,"Denominator cohort 8","60 to 99","Male",365,2008-01-01,2012-01-01,NA,NA,FALSE,"SIDIAP"
"8",2010-01-01,2010-12-31,14823,126053,0.117593393255218,0.115826767136758,0.119383326307527,"FALSE","FALSE",1,"cohort_1",0,"period","years",TRUE,"start",FALSE,0,8,"Denominator cohort 8","60 to 99","Male",365,2008-01-01,2012-01-01,NA,NA,FALSE,"SIDIAP"
"8",2011-01-01,2011-12-31,15389,129563,0.118776193820767,0.117025853506282,0.120549139541641,"FALSE","FALSE",1,"cohort_1",0,"period","years",TRUE,"start",FALSE,0,8,"Denominator cohort 8","60 to 99","Male",365,2008-01-01,2012-01-01,NA,NA,FALSE,"SIDIAP"
"9",2008-01-01,2008-12-31,28370,236483,0.119966340075185,0.118662943122644,0.12128208345382,"FALSE","FALSE",1,"cohort_1",0,"period","years",TRUE,"start",FALSE,0,9,"Denominator cohort 9","60 to 99","Both",365,2008-01-01,2012-01-01,NA,NA,FALSE,"SIDIAP"
"9",2009-01-01,2009-12-31,29049,244453,0.118832659038752,0.117555878693704,0.120121418910618,"FALSE","FALSE",1,"cohort_1",0,"period","years",TRUE,"start",FALSE,0,9,"Denominator cohort 9","60 to 99","Both",365,2008-01-01,2012-01-01,NA,NA,FALSE,"SIDIAP"
"9",2010-01-01,2010-12-31,29663,251817,0.11779585969176,0.116542600993408,0.119060779231666,"FALSE","FALSE",1,"cohort_1",0,"period","years",TRUE,"start",FALSE,0,9,"Denominator cohort 9","60 to 99","Both",365,2008-01-01,2012-01-01,NA,NA,FALSE,"SIDIAP"
"9",2011-01-01,2011-12-31,30686,259241,0.118368622247253,0.117130738428964,0.119617816001076,"FALSE","FALSE",1,"cohort_1",0,"period","years",TRUE,"start",FALSE,0,9,"Denominator cohort 9","60 to 99","Both",365,2008-01-01,2012-01-01,NA,NA,FALSE,"SIDIAP"
