"analysis_id","n_persons","person_days","n_events","incidence_start_date","incidence_end_date","person_years","incidence_100000_pys","incidence_100000_pys_95CI_lower","incidence_100000_pys_95CI_upper","cohort_obscured","result_obscured","outcome_cohort_id","outcome_cohort_name","analysis_outcome_washout","analysis_repeated_events","analysis_interval","analysis_complete_database_intervals","denominator_cohort_id","analysis_min_cell_count","denominator_cohort_name","denominator_age_group","denominator_sex","denominator_days_prior_history","denominator_start_date","denominator_end_date","denominator_strata_cohort_definition_id","denominator_strata_cohort_name","denominator_closed_cohort","cdm_name"
"1",87109,13246225,10126,2008-01-01,2008-12-31,36266.1875427789,27921.3247547886,27380.1086282526,28470.5484253467,"FALSE","FALSE",1,"cohort_1",180,FALSE,"years",TRUE,1,5,"Denominator cohort 1","18 to 39","Female",365,2008-01-01,2012-01-01,NA,NA,FALSE,"SIDIAP"
"1",83751,12819899,10212,2009-01-01,2009-12-31,35098.970568104,29094.8704042052,28533.2749690983,29664.7395576213,"FALSE","FALSE",1,"cohort_1",180,FALSE,"years",TRUE,1,5,"Denominator cohort 1","18 to 39","Female",365,2008-01-01,2012-01-01,NA,NA,FALSE,"SIDIAP"
"1",83334,12839919,10164,2010-01-01,2010-12-31,35153.7823408624,28912.9627686904,28353.5686778753,29480.6177423136,"FALSE","FALSE",1,"cohort_1",180,FALSE,"years",TRUE,1,5,"Denominator cohort 1","18 to 39","Female",365,2008-01-01,2012-01-01,NA,NA,FALSE,"SIDIAP"
"1",83239,12824074,10167,2011-01-01,2011-12-31,35110.4010951403,28957.2311419912,28397.0628317874,29525.6705378023,"FALSE","FALSE",1,"cohort_1",180,FALSE,"years",TRUE,1,5,"Denominator cohort 1","18 to 39","Female",365,2008-01-01,2012-01-01,NA,NA,FALSE,"SIDIAP"
"10",211627,47024050,36996,2008-01-01,2012-01-01,128744.832306639,28735.9106669885,28443.830457831,29030.2429254779,"FALSE","FALSE",1,"cohort_1",180,FALSE,"overall",TRUE,5,5,"Denominator cohort 5","40 to 59","Male",365,2008-01-01,2012-01-01,NA,NA,FALSE,"SIDIAP"
"11",158734,24167690,18465,2008-01-01,2008-12-31,66167.5290896646,27906.4372722424,27505.3595549701,28311.9000863697,"FALSE","FALSE",1,"cohort_1",180,FALSE,"years",TRUE,6,5,"Denominator cohort 6","40 to 59","Both",365,2008-01-01,2012-01-01,NA,NA,FALSE,"SIDIAP"
"11",152079,23257635,18436,2009-01-01,2009-12-31,63675.9342915811,28952.853546803,28536.4105170439,29373.8532680777,"FALSE","FALSE",1,"cohort_1",180,FALSE,"years",TRUE,6,5,"Denominator cohort 6","40 to 59","Both",365,2008-01-01,2012-01-01,NA,NA,FALSE,"SIDIAP"
"11",151672,23315195,18358,2010-01-01,2010-12-31,63833.5249828884,28759.1825845763,28344.6505211691,29178.260113992,"FALSE","FALSE",1,"cohort_1",180,FALSE,"years",TRUE,6,5,"Denominator cohort 6","40 to 59","Both",365,2008-01-01,2012-01-01,NA,NA,FALSE,"SIDIAP"
"11",151836,23238747,18676,2011-01-01,2011-12-31,63624.2217659138,29353.6006911216,28934.1054399239,29777.6562644517,"FALSE","FALSE",1,"cohort_1",180,FALSE,"years",TRUE,6,5,"Denominator cohort 6","40 to 59","Both",365,2008-01-01,2012-01-01,NA,NA,FALSE,"SIDIAP"
"12",423260,94042900,73976,2008-01-01,2012-01-01,257475.427789185,28731.2854027258,28524.6118570907,28939.0844565797,"FALSE","FALSE",1,"cohort_1",180,FALSE,"overall",TRUE,6,5,"Denominator cohort 6","40 to 59","Both",365,2008-01-01,2012-01-01,NA,NA,FALSE,"SIDIAP"
"13",112249,17289508,13401,2008-01-01,2008-12-31,47336.0930869268,28310.3212075208,27833.0066431757,28793.7680081037,"FALSE","FALSE",1,"cohort_1",180,FALSE,"years",TRUE,7,5,"Denominator cohort 7","60 to 99","Female",365,2008-01-01,2012-01-01,NA,NA,FALSE,"SIDIAP"
"13",111035,17214174,13794,2009-01-01,2009-12-31,47129.839835729,29268.0816401647,28781.6701313684,29760.6519644662,"FALSE","FALSE",1,"cohort_1",180,FALSE,"years",TRUE,7,5,"Denominator cohort 7","60 to 99","Female",365,2008-01-01,2012-01-01,NA,NA,FALSE,"SIDIAP"
"13",113883,17752512,14054,2010-01-01,2010-12-31,48603.7289527721,28915.476863218,28439.3728904915,29397.5527286141,"FALSE","FALSE",1,"cohort_1",180,FALSE,"years",TRUE,7,5,"Denominator cohort 7","60 to 99","Female",365,2008-01-01,2012-01-01,NA,NA,FALSE,"SIDIAP"
"13",117364,18262715,14396,2011-01-01,2011-12-31,50000.5886379192,28791.6610427311,28323.2377005553,29265.889244525,"FALSE","FALSE",1,"cohort_1",180,FALSE,"years",TRUE,7,5,"Denominator cohort 7","60 to 99","Female",365,2008-01-01,2012-01-01,NA,NA,FALSE,"SIDIAP"
"14",311111,70569976,55682,2008-01-01,2012-01-01,193210.064339493,28819.4096877686,28580.5269549811,29059.7925786459,"FALSE","FALSE",1,"cohort_1",180,FALSE,"overall",TRUE,7,5,"Denominator cohort 7","60 to 99","Female",365,2008-01-01,2012-01-01,NA,NA,FALSE,"SIDIAP"
"15",112294,17290461,13387,2008-01-01,2008-12-31,47338.7022587269,28279.1867145705,27802.148883299,28762.3564534144,"FALSE","FALSE",1,"cohort_1",180,FALSE,"years",TRUE,8,5,"Denominator cohort 8","60 to 99","Male",365,2008-01-01,2012-01-01,NA,NA,FALSE,"SIDIAP"
"15",111250,17303939,13634,2009-01-01,2009-12-31,47375.6030116359,28778.5255137573,28297.4635069371,29265.7144897311,"FALSE","FALSE",1,"cohort_1",180,FALSE,"years",TRUE,8,5,"Denominator cohort 8","60 to 99","Male",365,2008-01-01,2012-01-01,NA,NA,FALSE,"SIDIAP"
"15",114132,17751783,14001,2010-01-01,2010-12-31,48601.7330595483,28807.61470552,28332.3934892869,29288.8080917515,"FALSE","FALSE",1,"cohort_1",180,FALSE,"years",TRUE,8,5,"Denominator cohort 8","60 to 99","Male",365,2008-01-01,2012-01-01,NA,NA,FALSE,"SIDIAP"
"15",117306,18283982,14517,2011-01-01,2011-12-31,50058.8145106092,28999.8877159253,28530.0390899656,29475.5343816048,"FALSE","FALSE",1,"cohort_1",180,FALSE,"years",TRUE,8,5,"Denominator cohort 8","60 to 99","Male",365,2008-01-01,2012-01-01,NA,NA,FALSE,"SIDIAP"
"16",311089,70680846,55571,2008-01-01,2012-01-01,193513.609856263,28716.8432449153,28478.5735595475,28956.6107373641,"FALSE","FALSE",1,"cohort_1",180,FALSE,"overall",TRUE,8,5,"Denominator cohort 8","60 to 99","Male",365,2008-01-01,2012-01-01,NA,NA,FALSE,"SIDIAP"
"17",224543,34579969,26788,2008-01-01,2008-12-31,94674.7953456537,28294.7535320231,27956.9235022894,28635.646983529,"FALSE","FALSE",1,"cohort_1",180,FALSE,"years",TRUE,9,5,"Denominator cohort 9","60 to 99","Both",365,2008-01-01,2012-01-01,NA,NA,FALSE,"SIDIAP"
"17",222285,34518113,27428,2009-01-01,2009-12-31,94505.4428473648,29022.6670270185,28680.2007154699,29368.2021757236,"FALSE","FALSE",1,"cohort_1",180,FALSE,"years",TRUE,9,5,"Denominator cohort 9","60 to 99","Both",365,2008-01-01,2012-01-01,NA,NA,FALSE,"SIDIAP"
"17",228015,35504295,28055,2010-01-01,2010-12-31,97205.4620123203,28861.5468917211,28524.7978345306,29201.2794764841,"FALSE","FALSE",1,"cohort_1",180,FALSE,"years",TRUE,9,5,"Denominator cohort 9","60 to 99","Both",365,2008-01-01,2012-01-01,NA,NA,FALSE,"SIDIAP"
"17",234670,36546697,28913,2011-01-01,2011-12-31,100059.403148528,28895.8349642377,28563.7116091128,29230.8566620971,"FALSE","FALSE",1,"cohort_1",180,FALSE,"years",TRUE,9,5,"Denominator cohort 9","60 to 99","Both",365,2008-01-01,2012-01-01,NA,NA,FALSE,"SIDIAP"
"18",622200,141250822,111253,2008-01-01,2012-01-01,386723.674195756,28768.0862133319,28599.2859260898,28937.6356770315,"FALSE","FALSE",1,"cohort_1",180,FALSE,"overall",TRUE,9,5,"Denominator cohort 9","60 to 99","Both",365,2008-01-01,2012-01-01,NA,NA,FALSE,"SIDIAP"
"19",275128,42602011,32707,2008-01-01,2008-12-31,116637.94934976,28041.4737933381,27738.3881419059,28347.0455313642,"FALSE","FALSE",1,"cohort_1",180,FALSE,"years",TRUE,10,5,"Denominator cohort 10","18 to 99","Female",365,2008-01-01,2012-01-01,NA,NA,FALSE,"SIDIAP"
"19",267209,41636228,33219,2009-01-01,2009-12-31,113993.779603012,29141.0637630287,28828.5234517342,29456.14779081,"FALSE","FALSE",1,"cohort_1",180,FALSE,"years",TRUE,10,5,"Denominator cohort 10","18 to 99","Female",365,2008-01-01,2012-01-01,NA,NA,FALSE,"SIDIAP"
"19",269436,42190758,33429,2010-01-01,2010-12-31,115512,28939.8504051527,28630.4419730137,29251.7691060748,"FALSE","FALSE",1,"cohort_1",180,FALSE,"years",TRUE,10,5,"Denominator cohort 10","18 to 99","Female",365,2008-01-01,2012-01-01,NA,NA,FALSE,"SIDIAP"
"19",272976,42662254,33919,2011-01-01,2011-12-31,116802.88569473,29039.5222671545,28731.2930074544,29350.2340193572,"FALSE","FALSE",1,"cohort_1",180,FALSE,"years",TRUE,10,5,"Denominator cohort 10","18 to 99","Female",365,2008-01-01,2012-01-01,NA,NA,FALSE,"SIDIAP"
"2",232443,51764989,40690,2008-01-01,2012-01-01,141724.815879535,28710.5682568579,28432.2745277717,28990.9076126632,"FALSE","FALSE",1,"cohort_1",180,FALSE,"overall",TRUE,1,5,"Denominator cohort 1","18 to 39","Female",365,2008-01-01,2012-01-01,NA,NA,FALSE,"SIDIAP"
"20",741195,169208980,133352,2008-01-01,2012-01-01,463268.93908282,28785.0077460428,28630.7172099123,28939.9236183905,"FALSE","FALSE",1,"cohort_1",180,FALSE,"overall",TRUE,10,5,"Denominator cohort 10","18 to 99","Female",365,2008-01-01,2012-01-01,NA,NA,FALSE,"SIDIAP"
"21",275495,42618639,32801,2008-01-01,2008-12-31,116683.474332649,28111.0930126136,27807.6893923303,28416.9817428757,"FALSE","FALSE",1,"cohort_1",180,FALSE,"years",TRUE,11,5,"Denominator cohort 11","18 to 99","Male",365,2008-01-01,2012-01-01,NA,NA,FALSE,"SIDIAP"
"21",267175,41644526,33017,2009-01-01,2009-12-31,114016.498288843,28958.0898339436,28646.565849274,29272.1570426261,"FALSE","FALSE",1,"cohort_1",180,FALSE,"years",TRUE,11,5,"Denominator cohort 11","18 to 99","Male",365,2008-01-01,2012-01-01,NA,NA,FALSE,"SIDIAP"
"21",269945,42219535,33225,2010-01-01,2010-12-31,115590.787132101,28743.6402366819,28435.3900880623,29054.3989572673,"FALSE","FALSE",1,"cohort_1",180,FALSE,"years",TRUE,11,5,"Denominator cohort 11","18 to 99","Male",365,2008-01-01,2012-01-01,NA,NA,FALSE,"SIDIAP"
"21",273215,42742317,34047,2011-01-01,2011-12-31,117022.0862423,29094.5077918916,28786.2744189721,29405.2189986772,"FALSE","FALSE",1,"cohort_1",180,FALSE,"years",TRUE,11,5,"Denominator cohort 11","18 to 99","Male",365,2008-01-01,2012-01-01,NA,NA,FALSE,"SIDIAP"
"22",741324,169342406,133173,2008-01-01,2012-01-01,463634.239561944,28723.7198283341,28569.6545022088,28878.4099983586,"FALSE","FALSE",1,"cohort_1",180,FALSE,"overall",TRUE,11,5,"Denominator cohort 11","18 to 99","Male",365,2008-01-01,2012-01-01,NA,NA,FALSE,"SIDIAP"
"23",550623,85220650,65508,2008-01-01,2008-12-31,233321.423682409,28076.2901949234,27861.6953448705,28292.1271652321,"FALSE","FALSE",1,"cohort_1",180,FALSE,"years",TRUE,12,5,"Denominator cohort 12","18 to 99","Both",365,2008-01-01,2012-01-01,NA,NA,FALSE,"SIDIAP"
"23",534384,83280754,66236,2009-01-01,2009-12-31,228010.277891855,29049.5676828286,28828.7550574352,29271.6513524989,"FALSE","FALSE",1,"cohort_1",180,FALSE,"years",TRUE,12,5,"Denominator cohort 12","18 to 99","Both",365,2008-01-01,2012-01-01,NA,NA,FALSE,"SIDIAP"
"23",539381,84410293,66654,2010-01-01,2010-12-31,231102.787132101,28841.7118751146,28623.1664239751,29061.5113568429,"FALSE","FALSE",1,"cohort_1",180,FALSE,"years",TRUE,12,5,"Denominator cohort 12","18 to 99","Both",365,2008-01-01,2012-01-01,NA,NA,FALSE,"SIDIAP"
"23",546191,85404571,67966,2011-01-01,2011-12-31,233824.971937029,29067.0408027692,28848.9201841201,29286.4008368849,"FALSE","FALSE",1,"cohort_1",180,FALSE,"years",TRUE,12,5,"Denominator cohort 12","18 to 99","Both",365,2008-01-01,2012-01-01,NA,NA,FALSE,"SIDIAP"
"24",1482519,338551386,266525,2008-01-01,2012-01-01,926903.178644764,28754.3517101419,28645.2891125965,28863.7267678952,"FALSE","FALSE",1,"cohort_1",180,FALSE,"overall",TRUE,12,5,"Denominator cohort 12","18 to 99","Both",365,2008-01-01,2012-01-01,NA,NA,FALSE,"SIDIAP"
"3",87140,13242978,10129,2008-01-01,2008-12-31,36257.2977412731,27936.4448842247,27395.0154844804,28485.8837873663,"FALSE","FALSE",1,"cohort_1",180,FALSE,"years",TRUE,2,5,"Denominator cohort 2","18 to 39","Male",365,2008-01-01,2012-01-01,NA,NA,FALSE,"SIDIAP"
"3",83570,12770322,10160,2009-01-01,2009-12-31,34963.2361396304,29059.0949860152,28496.7634717859,29629.7324095092,"FALSE","FALSE",1,"cohort_1",180,FALSE,"years",TRUE,2,5,"Denominator cohort 2","18 to 39","Male",365,2008-01-01,2012-01-01,NA,NA,FALSE,"SIDIAP"
"3",83602,12843316,10077,2010-01-01,2010-12-31,35163.0828199863,28657.8968391029,28101.0609115089,29222.9915832791,"FALSE","FALSE",1,"cohort_1",180,FALSE,"years",TRUE,2,5,"Denominator cohort 2","18 to 39","Male",365,2008-01-01,2012-01-01,NA,NA,FALSE,"SIDIAP"
"3",83752,12885327,10210,2011-01-01,2011-12-31,35278.1026694045,28941.4657462709,28382.776912911,29508.3862890529,"FALSE","FALSE",1,"cohort_1",180,FALSE,"years",TRUE,2,5,"Denominator cohort 2","18 to 39","Male",365,2008-01-01,2012-01-01,NA,NA,FALSE,"SIDIAP"
"4",232792,51777044,40606,2008-01-01,2012-01-01,141757.820670773,28644.6277234367,28366.6868141807,28924.6137866762,"FALSE","FALSE",1,"cohort_1",180,FALSE,"overall",TRUE,2,5,"Denominator cohort 2","18 to 39","Male",365,2008-01-01,2012-01-01,NA,NA,FALSE,"SIDIAP"
"5",174249,26489203,20255,2008-01-01,2008-12-31,72523.485284052,27928.8838928072,27545.5682860922,28316.1998379659,"FALSE","FALSE",1,"cohort_1",180,FALSE,"years",TRUE,3,5,"Denominator cohort 3","18 to 39","Both",365,2008-01-01,2012-01-01,NA,NA,FALSE,"SIDIAP"
"5",167321,25590221,20372,2009-01-01,2009-12-31,70062.2067077344,29077.0173497134,28679.0876694873,29479.0878716806,"FALSE","FALSE",1,"cohort_1",180,FALSE,"years",TRUE,3,5,"Denominator cohort 3","18 to 39","Both",365,2008-01-01,2012-01-01,NA,NA,FALSE,"SIDIAP"
"5",166936,25683235,20241,2010-01-01,2010-12-31,70316.8651608487,28785.4129357147,28390.2055850275,29184.7461632198,"FALSE","FALSE",1,"cohort_1",180,FALSE,"years",TRUE,3,5,"Denominator cohort 3","18 to 39","Both",365,2008-01-01,2012-01-01,NA,NA,FALSE,"SIDIAP"
"5",166991,25709401,20377,2011-01-01,2011-12-31,70388.5037645448,28949.3296634955,28553.1958802225,29349.5850917874,"FALSE","FALSE",1,"cohort_1",180,FALSE,"years",TRUE,3,5,"Denominator cohort 3","18 to 39","Both",365,2008-01-01,2012-01-01,NA,NA,FALSE,"SIDIAP"
"6",465235,103542033,81296,2008-01-01,2012-01-01,283482.636550308,28677.5941515462,28480.7968909775,28875.413605666,"FALSE","FALSE",1,"cohort_1",180,FALSE,"overall",TRUE,3,5,"Denominator cohort 3","18 to 39","Both",365,2008-01-01,2012-01-01,NA,NA,FALSE,"SIDIAP"
"7",79178,12074836,9180,2008-01-01,2008-12-31,33059.099247091,27768.4516791781,27203.2827735502,28342.4064231127,"FALSE","FALSE",1,"cohort_1",180,FALSE,"years",TRUE,4,5,"Denominator cohort 4","40 to 59","Female",365,2008-01-01,2012-01-01,NA,NA,FALSE,"SIDIAP"
"7",76093,11644149,9213,2009-01-01,2009-12-31,31879.9425051335,28899.0483546715,28311.917501203,29495.2899545746,"FALSE","FALSE",1,"cohort_1",180,FALSE,"years",TRUE,4,5,"Denominator cohort 4","40 to 59","Female",365,2008-01-01,2012-01-01,NA,NA,FALSE,"SIDIAP"
"7",75778,11644235,9211,2010-01-01,2010-12-31,31880.1779603012,28892.5614263195,28305.4989643965,29488.734570855,"FALSE","FALSE",1,"cohort_1",180,FALSE,"years",TRUE,4,5,"Denominator cohort 4","40 to 59","Female",365,2008-01-01,2012-01-01,NA,NA,FALSE,"SIDIAP"
"7",76016,11623712,9356,2011-01-01,2011-12-31,31823.9890485968,29399.2056926393,28806.4724167375,30001.0654882411,"FALSE","FALSE",1,"cohort_1",180,FALSE,"years",TRUE,4,5,"Denominator cohort 4","40 to 59","Female",365,2008-01-01,2012-01-01,NA,NA,FALSE,"SIDIAP"
"8",211633,47018850,36980,2008-01-01,2012-01-01,128730.595482546,28726.6596269369,28434.6104480171,29020.9611051064,"FALSE","FALSE",1,"cohort_1",180,FALSE,"overall",TRUE,4,5,"Denominator cohort 4","40 to 59","Female",365,2008-01-01,2012-01-01,NA,NA,FALSE,"SIDIAP"
"9",79556,12092854,9285,2008-01-01,2008-12-31,33108.4298425736,28044.2172707948,27476.6558919424,28620.5512226534,"FALSE","FALSE",1,"cohort_1",180,FALSE,"years",TRUE,5,5,"Denominator cohort 5","40 to 59","Male",365,2008-01-01,2012-01-01,NA,NA,FALSE,"SIDIAP"
"9",75986,11613486,9223,2009-01-01,2009-12-31,31795.9917864476,29006.8008003798,28417.798730171,29604.9376546977,"FALSE","FALSE",1,"cohort_1",180,FALSE,"years",TRUE,5,5,"Denominator cohort 5","40 to 59","Male",365,2008-01-01,2012-01-01,NA,NA,FALSE,"SIDIAP"
"9",75894,11670960,9147,2010-01-01,2010-12-31,31953.3470225873,28626.1091632565,28042.439748237,29218.8685098648,"FALSE","FALSE",1,"cohort_1",180,FALSE,"years",TRUE,5,5,"Denominator cohort 5","40 to 59","Male",365,2008-01-01,2012-01-01,NA,NA,FALSE,"SIDIAP"
"9",75820,11615035,9320,2011-01-01,2011-12-31,31800.2327173169,29307.9616204342,28715.9336117446,29909.1230280734,"FALSE","FALSE",1,"cohort_1",180,FALSE,"years",TRUE,5,5,"Denominator cohort 5","40 to 59","Male",365,2008-01-01,2012-01-01,NA,NA,FALSE,"SIDIAP"
