"analysis_id","number_records","number_subjects","reason_id","reason","excluded_records","excluded_subjects","outcome_cohort_id","outcome_cohort_name","analysis_outcome_washout","analysis_repeated_events","analysis_interval","analysis_complete_database_intervals","denominator_cohort_id","analysis_min_cell_count","denominator_cohort_name","denominator_age_group","denominator_sex","denominator_days_prior_history","denominator_start_date","denominator_end_date","denominator_strata_cohort_definition_id","denominator_strata_cohort_name","denominator_closed_cohort","cdm_name"
"1",8265343,8265343,1,"Starting population",NA,NA,1,"cohort_1",180,FALSE,"years",TRUE,1,5,"Denominator cohort 1","18 to 39","Female",365,2008-01-01,2012-01-01,NA,NA,FALSE,"SIDIAP"
"1",8265343,8265343,2,"Missing year of birth",0,0,1,"cohort_1",180,FALSE,"years",TRUE,1,5,"Denominator cohort 1","18 to 39","Female",365,2008-01-01,2012-01-01,NA,NA,FALSE,"SIDIAP"
"1",8265343,8265343,3,"Missing sex",0,0,1,"cohort_1",180,FALSE,"years",TRUE,1,5,"Denominator cohort 1","18 to 39","Female",365,2008-01-01,2012-01-01,NA,NA,FALSE,"SIDIAP"
"1",7645575,7645575,4,"Cannot satisfy age criteria during the study period based on year of birth",619768,619768,1,"cohort_1",180,FALSE,"years",TRUE,1,5,"Denominator cohort 1","18 to 39","Female",365,2008-01-01,2012-01-01,NA,NA,FALSE,"SIDIAP"
"1",2736041,2736041,5,"No observation time available during study period",4909534,4909534,1,"cohort_1",180,FALSE,"years",TRUE,1,5,"Denominator cohort 1","18 to 39","Female",365,2008-01-01,2012-01-01,NA,NA,FALSE,"SIDIAP"
"1",2736041,2736041,6,"Doesn't satisfy age criteria during the study period",0,0,1,"cohort_1",180,FALSE,"years",TRUE,1,5,"Denominator cohort 1","18 to 39","Female",365,2008-01-01,2012-01-01,NA,NA,FALSE,"SIDIAP"
"1",1578823,1578823,7,"Prior history requirement not fulfilled during study period",1157218,1157218,1,"cohort_1",180,FALSE,"years",TRUE,1,5,"Denominator cohort 1","18 to 39","Female",365,2008-01-01,2012-01-01,NA,NA,FALSE,"SIDIAP"
"1",789377,789377,8,"Not Female",789446,789446,1,"cohort_1",180,FALSE,"years",TRUE,1,5,"Denominator cohort 1","18 to 39","Female",365,2008-01-01,2012-01-01,NA,NA,FALSE,"SIDIAP"
"1",242343,242343,10,"No observation time available after applying age, prior history and, if applicable, strata criteria",547034,547034,1,"cohort_1",180,FALSE,"years",TRUE,1,5,"Denominator cohort 1","18 to 39","Female",365,2008-01-01,2012-01-01,NA,NA,FALSE,"SIDIAP"
"1",356826,242343,11,"Starting analysis population",NA,NA,1,"cohort_1",180,FALSE,"years",TRUE,1,5,"Denominator cohort 1","18 to 39","Female",365,2008-01-01,2012-01-01,NA,NA,FALSE,"SIDIAP"
"1",232443,232443,12,"Excluded due to prior event (do not pass outcome washout during study period)",124383,9900,1,"cohort_1",180,FALSE,"years",TRUE,1,5,"Denominator cohort 1","18 to 39","Female",365,2008-01-01,2012-01-01,NA,NA,FALSE,"SIDIAP"
"1",232305,232305,14,"Not observed during the complete database interval",138,138,1,"cohort_1",180,FALSE,"years",TRUE,1,5,"Denominator cohort 1","18 to 39","Female",365,2008-01-01,2012-01-01,NA,NA,FALSE,"SIDIAP"
"10",8265343,8265343,1,"Starting population",NA,NA,1,"cohort_1",180,FALSE,"overall",TRUE,5,5,"Denominator cohort 5","40 to 59","Male",365,2008-01-01,2012-01-01,NA,NA,FALSE,"SIDIAP"
"10",8265343,8265343,2,"Missing year of birth",0,0,1,"cohort_1",180,FALSE,"overall",TRUE,5,5,"Denominator cohort 5","40 to 59","Male",365,2008-01-01,2012-01-01,NA,NA,FALSE,"SIDIAP"
"10",8265343,8265343,3,"Missing sex",0,0,1,"cohort_1",180,FALSE,"overall",TRUE,5,5,"Denominator cohort 5","40 to 59","Male",365,2008-01-01,2012-01-01,NA,NA,FALSE,"SIDIAP"
"10",7645575,7645575,4,"Cannot satisfy age criteria during the study period based on year of birth",619768,619768,1,"cohort_1",180,FALSE,"overall",TRUE,5,5,"Denominator cohort 5","40 to 59","Male",365,2008-01-01,2012-01-01,NA,NA,FALSE,"SIDIAP"
"10",2736041,2736041,5,"No observation time available during study period",4909534,4909534,1,"cohort_1",180,FALSE,"overall",TRUE,5,5,"Denominator cohort 5","40 to 59","Male",365,2008-01-01,2012-01-01,NA,NA,FALSE,"SIDIAP"
"10",2736041,2736041,6,"Doesn't satisfy age criteria during the study period",0,0,1,"cohort_1",180,FALSE,"overall",TRUE,5,5,"Denominator cohort 5","40 to 59","Male",365,2008-01-01,2012-01-01,NA,NA,FALSE,"SIDIAP"
"10",1578823,1578823,7,"Prior history requirement not fulfilled during study period",1157218,1157218,1,"cohort_1",180,FALSE,"overall",TRUE,5,5,"Denominator cohort 5","40 to 59","Male",365,2008-01-01,2012-01-01,NA,NA,FALSE,"SIDIAP"
"10",789446,789446,8,"Not Male",789377,789377,1,"cohort_1",180,FALSE,"overall",TRUE,5,5,"Denominator cohort 5","40 to 59","Male",365,2008-01-01,2012-01-01,NA,NA,FALSE,"SIDIAP"
"10",220492,220492,10,"No observation time available after applying age, prior history and, if applicable, strata criteria",568954,568954,1,"cohort_1",180,FALSE,"overall",TRUE,5,5,"Denominator cohort 5","40 to 59","Male",365,2008-01-01,2012-01-01,NA,NA,FALSE,"SIDIAP"
"10",324847,220492,11,"Starting analysis population",NA,NA,1,"cohort_1",180,FALSE,"overall",TRUE,5,5,"Denominator cohort 5","40 to 59","Male",365,2008-01-01,2012-01-01,NA,NA,FALSE,"SIDIAP"
"10",211627,211627,12,"Excluded due to prior event (do not pass outcome washout during study period)",113220,8865,1,"cohort_1",180,FALSE,"overall",TRUE,5,5,"Denominator cohort 5","40 to 59","Male",365,2008-01-01,2012-01-01,NA,NA,FALSE,"SIDIAP"
"10",211627,211627,14,"Not observed during the complete database interval",0,0,1,"cohort_1",180,FALSE,"overall",TRUE,5,5,"Denominator cohort 5","40 to 59","Male",365,2008-01-01,2012-01-01,NA,NA,FALSE,"SIDIAP"
"11",8265343,8265343,1,"Starting population",NA,NA,1,"cohort_1",180,FALSE,"years",TRUE,6,5,"Denominator cohort 6","40 to 59","Both",365,2008-01-01,2012-01-01,NA,NA,FALSE,"SIDIAP"
"11",8265343,8265343,2,"Missing year of birth",0,0,1,"cohort_1",180,FALSE,"years",TRUE,6,5,"Denominator cohort 6","40 to 59","Both",365,2008-01-01,2012-01-01,NA,NA,FALSE,"SIDIAP"
"11",8265343,8265343,3,"Missing sex",0,0,1,"cohort_1",180,FALSE,"years",TRUE,6,5,"Denominator cohort 6","40 to 59","Both",365,2008-01-01,2012-01-01,NA,NA,FALSE,"SIDIAP"
"11",7645575,7645575,4,"Cannot satisfy age criteria during the study period based on year of birth",619768,619768,1,"cohort_1",180,FALSE,"years",TRUE,6,5,"Denominator cohort 6","40 to 59","Both",365,2008-01-01,2012-01-01,NA,NA,FALSE,"SIDIAP"
"11",2736041,2736041,5,"No observation time available during study period",4909534,4909534,1,"cohort_1",180,FALSE,"years",TRUE,6,5,"Denominator cohort 6","40 to 59","Both",365,2008-01-01,2012-01-01,NA,NA,FALSE,"SIDIAP"
"11",2736041,2736041,6,"Doesn't satisfy age criteria during the study period",0,0,1,"cohort_1",180,FALSE,"years",TRUE,6,5,"Denominator cohort 6","40 to 59","Both",365,2008-01-01,2012-01-01,NA,NA,FALSE,"SIDIAP"
"11",1578823,1578823,7,"Prior history requirement not fulfilled during study period",1157218,1157218,1,"cohort_1",180,FALSE,"years",TRUE,6,5,"Denominator cohort 6","40 to 59","Both",365,2008-01-01,2012-01-01,NA,NA,FALSE,"SIDIAP"
"11",441075,441075,10,"No observation time available after applying age, prior history and, if applicable, strata criteria",1137748,1137748,1,"cohort_1",180,FALSE,"years",TRUE,6,5,"Denominator cohort 6","40 to 59","Both",365,2008-01-01,2012-01-01,NA,NA,FALSE,"SIDIAP"
"11",649726,441075,11,"Starting analysis population",NA,NA,1,"cohort_1",180,FALSE,"years",TRUE,6,5,"Denominator cohort 6","40 to 59","Both",365,2008-01-01,2012-01-01,NA,NA,FALSE,"SIDIAP"
"11",423260,423260,12,"Excluded due to prior event (do not pass outcome washout during study period)",226466,17815,1,"cohort_1",180,FALSE,"years",TRUE,6,5,"Denominator cohort 6","40 to 59","Both",365,2008-01-01,2012-01-01,NA,NA,FALSE,"SIDIAP"
"11",423026,423026,14,"Not observed during the complete database interval",234,234,1,"cohort_1",180,FALSE,"years",TRUE,6,5,"Denominator cohort 6","40 to 59","Both",365,2008-01-01,2012-01-01,NA,NA,FALSE,"SIDIAP"
"12",8265343,8265343,1,"Starting population",NA,NA,1,"cohort_1",180,FALSE,"overall",TRUE,6,5,"Denominator cohort 6","40 to 59","Both",365,2008-01-01,2012-01-01,NA,NA,FALSE,"SIDIAP"
"12",8265343,8265343,2,"Missing year of birth",0,0,1,"cohort_1",180,FALSE,"overall",TRUE,6,5,"Denominator cohort 6","40 to 59","Both",365,2008-01-01,2012-01-01,NA,NA,FALSE,"SIDIAP"
"12",8265343,8265343,3,"Missing sex",0,0,1,"cohort_1",180,FALSE,"overall",TRUE,6,5,"Denominator cohort 6","40 to 59","Both",365,2008-01-01,2012-01-01,NA,NA,FALSE,"SIDIAP"
"12",7645575,7645575,4,"Cannot satisfy age criteria during the study period based on year of birth",619768,619768,1,"cohort_1",180,FALSE,"overall",TRUE,6,5,"Denominator cohort 6","40 to 59","Both",365,2008-01-01,2012-01-01,NA,NA,FALSE,"SIDIAP"
"12",2736041,2736041,5,"No observation time available during study period",4909534,4909534,1,"cohort_1",180,FALSE,"overall",TRUE,6,5,"Denominator cohort 6","40 to 59","Both",365,2008-01-01,2012-01-01,NA,NA,FALSE,"SIDIAP"
"12",2736041,2736041,6,"Doesn't satisfy age criteria during the study period",0,0,1,"cohort_1",180,FALSE,"overall",TRUE,6,5,"Denominator cohort 6","40 to 59","Both",365,2008-01-01,2012-01-01,NA,NA,FALSE,"SIDIAP"
"12",1578823,1578823,7,"Prior history requirement not fulfilled during study period",1157218,1157218,1,"cohort_1",180,FALSE,"overall",TRUE,6,5,"Denominator cohort 6","40 to 59","Both",365,2008-01-01,2012-01-01,NA,NA,FALSE,"SIDIAP"
"12",441075,441075,10,"No observation time available after applying age, prior history and, if applicable, strata criteria",1137748,1137748,1,"cohort_1",180,FALSE,"overall",TRUE,6,5,"Denominator cohort 6","40 to 59","Both",365,2008-01-01,2012-01-01,NA,NA,FALSE,"SIDIAP"
"12",649726,441075,11,"Starting analysis population",NA,NA,1,"cohort_1",180,FALSE,"overall",TRUE,6,5,"Denominator cohort 6","40 to 59","Both",365,2008-01-01,2012-01-01,NA,NA,FALSE,"SIDIAP"
"12",423260,423260,12,"Excluded due to prior event (do not pass outcome washout during study period)",226466,17815,1,"cohort_1",180,FALSE,"overall",TRUE,6,5,"Denominator cohort 6","40 to 59","Both",365,2008-01-01,2012-01-01,NA,NA,FALSE,"SIDIAP"
"12",423260,423260,14,"Not observed during the complete database interval",0,0,1,"cohort_1",180,FALSE,"overall",TRUE,6,5,"Denominator cohort 6","40 to 59","Both",365,2008-01-01,2012-01-01,NA,NA,FALSE,"SIDIAP"
"13",8265343,8265343,1,"Starting population",NA,NA,1,"cohort_1",180,FALSE,"years",TRUE,7,5,"Denominator cohort 7","60 to 99","Female",365,2008-01-01,2012-01-01,NA,NA,FALSE,"SIDIAP"
"13",8265343,8265343,2,"Missing year of birth",0,0,1,"cohort_1",180,FALSE,"years",TRUE,7,5,"Denominator cohort 7","60 to 99","Female",365,2008-01-01,2012-01-01,NA,NA,FALSE,"SIDIAP"
"13",8265343,8265343,3,"Missing sex",0,0,1,"cohort_1",180,FALSE,"years",TRUE,7,5,"Denominator cohort 7","60 to 99","Female",365,2008-01-01,2012-01-01,NA,NA,FALSE,"SIDIAP"
"13",7645575,7645575,4,"Cannot satisfy age criteria during the study period based on year of birth",619768,619768,1,"cohort_1",180,FALSE,"years",TRUE,7,5,"Denominator cohort 7","60 to 99","Female",365,2008-01-01,2012-01-01,NA,NA,FALSE,"SIDIAP"
"13",2736041,2736041,5,"No observation time available during study period",4909534,4909534,1,"cohort_1",180,FALSE,"years",TRUE,7,5,"Denominator cohort 7","60 to 99","Female",365,2008-01-01,2012-01-01,NA,NA,FALSE,"SIDIAP"
"13",2736041,2736041,6,"Doesn't satisfy age criteria during the study period",0,0,1,"cohort_1",180,FALSE,"years",TRUE,7,5,"Denominator cohort 7","60 to 99","Female",365,2008-01-01,2012-01-01,NA,NA,FALSE,"SIDIAP"
"13",1578823,1578823,7,"Prior history requirement not fulfilled during study period",1157218,1157218,1,"cohort_1",180,FALSE,"years",TRUE,7,5,"Denominator cohort 7","60 to 99","Female",365,2008-01-01,2012-01-01,NA,NA,FALSE,"SIDIAP"
"13",789377,789377,8,"Not Female",789446,789446,1,"cohort_1",180,FALSE,"years",TRUE,7,5,"Denominator cohort 7","60 to 99","Female",365,2008-01-01,2012-01-01,NA,NA,FALSE,"SIDIAP"
"13",324145,324145,10,"No observation time available after applying age, prior history and, if applicable, strata criteria",465232,465232,1,"cohort_1",180,FALSE,"years",TRUE,7,5,"Denominator cohort 7","60 to 99","Female",365,2008-01-01,2012-01-01,NA,NA,FALSE,"SIDIAP"
"13",478573,324145,11,"Starting analysis population",NA,NA,1,"cohort_1",180,FALSE,"years",TRUE,7,5,"Denominator cohort 7","60 to 99","Female",365,2008-01-01,2012-01-01,NA,NA,FALSE,"SIDIAP"
"13",311111,311111,12,"Excluded due to prior event (do not pass outcome washout during study period)",167462,13034,1,"cohort_1",180,FALSE,"years",TRUE,7,5,"Denominator cohort 7","60 to 99","Female",365,2008-01-01,2012-01-01,NA,NA,FALSE,"SIDIAP"
"13",310917,310917,14,"Not observed during the complete database interval",194,194,1,"cohort_1",180,FALSE,"years",TRUE,7,5,"Denominator cohort 7","60 to 99","Female",365,2008-01-01,2012-01-01,NA,NA,FALSE,"SIDIAP"
"14",8265343,8265343,1,"Starting population",NA,NA,1,"cohort_1",180,FALSE,"overall",TRUE,7,5,"Denominator cohort 7","60 to 99","Female",365,2008-01-01,2012-01-01,NA,NA,FALSE,"SIDIAP"
"14",8265343,8265343,2,"Missing year of birth",0,0,1,"cohort_1",180,FALSE,"overall",TRUE,7,5,"Denominator cohort 7","60 to 99","Female",365,2008-01-01,2012-01-01,NA,NA,FALSE,"SIDIAP"
"14",8265343,8265343,3,"Missing sex",0,0,1,"cohort_1",180,FALSE,"overall",TRUE,7,5,"Denominator cohort 7","60 to 99","Female",365,2008-01-01,2012-01-01,NA,NA,FALSE,"SIDIAP"
"14",7645575,7645575,4,"Cannot satisfy age criteria during the study period based on year of birth",619768,619768,1,"cohort_1",180,FALSE,"overall",TRUE,7,5,"Denominator cohort 7","60 to 99","Female",365,2008-01-01,2012-01-01,NA,NA,FALSE,"SIDIAP"
"14",2736041,2736041,5,"No observation time available during study period",4909534,4909534,1,"cohort_1",180,FALSE,"overall",TRUE,7,5,"Denominator cohort 7","60 to 99","Female",365,2008-01-01,2012-01-01,NA,NA,FALSE,"SIDIAP"
"14",2736041,2736041,6,"Doesn't satisfy age criteria during the study period",0,0,1,"cohort_1",180,FALSE,"overall",TRUE,7,5,"Denominator cohort 7","60 to 99","Female",365,2008-01-01,2012-01-01,NA,NA,FALSE,"SIDIAP"
"14",1578823,1578823,7,"Prior history requirement not fulfilled during study period",1157218,1157218,1,"cohort_1",180,FALSE,"overall",TRUE,7,5,"Denominator cohort 7","60 to 99","Female",365,2008-01-01,2012-01-01,NA,NA,FALSE,"SIDIAP"
"14",789377,789377,8,"Not Female",789446,789446,1,"cohort_1",180,FALSE,"overall",TRUE,7,5,"Denominator cohort 7","60 to 99","Female",365,2008-01-01,2012-01-01,NA,NA,FALSE,"SIDIAP"
"14",324145,324145,10,"No observation time available after applying age, prior history and, if applicable, strata criteria",465232,465232,1,"cohort_1",180,FALSE,"overall",TRUE,7,5,"Denominator cohort 7","60 to 99","Female",365,2008-01-01,2012-01-01,NA,NA,FALSE,"SIDIAP"
"14",478573,324145,11,"Starting analysis population",NA,NA,1,"cohort_1",180,FALSE,"overall",TRUE,7,5,"Denominator cohort 7","60 to 99","Female",365,2008-01-01,2012-01-01,NA,NA,FALSE,"SIDIAP"
"14",311111,311111,12,"Excluded due to prior event (do not pass outcome washout during study period)",167462,13034,1,"cohort_1",180,FALSE,"overall",TRUE,7,5,"Denominator cohort 7","60 to 99","Female",365,2008-01-01,2012-01-01,NA,NA,FALSE,"SIDIAP"
"14",311111,311111,14,"Not observed during the complete database interval",0,0,1,"cohort_1",180,FALSE,"overall",TRUE,7,5,"Denominator cohort 7","60 to 99","Female",365,2008-01-01,2012-01-01,NA,NA,FALSE,"SIDIAP"
"15",8265343,8265343,1,"Starting population",NA,NA,1,"cohort_1",180,FALSE,"years",TRUE,8,5,"Denominator cohort 8","60 to 99","Male",365,2008-01-01,2012-01-01,NA,NA,FALSE,"SIDIAP"
"15",8265343,8265343,2,"Missing year of birth",0,0,1,"cohort_1",180,FALSE,"years",TRUE,8,5,"Denominator cohort 8","60 to 99","Male",365,2008-01-01,2012-01-01,NA,NA,FALSE,"SIDIAP"
"15",8265343,8265343,3,"Missing sex",0,0,1,"cohort_1",180,FALSE,"years",TRUE,8,5,"Denominator cohort 8","60 to 99","Male",365,2008-01-01,2012-01-01,NA,NA,FALSE,"SIDIAP"
"15",7645575,7645575,4,"Cannot satisfy age criteria during the study period based on year of birth",619768,619768,1,"cohort_1",180,FALSE,"years",TRUE,8,5,"Denominator cohort 8","60 to 99","Male",365,2008-01-01,2012-01-01,NA,NA,FALSE,"SIDIAP"
"15",2736041,2736041,5,"No observation time available during study period",4909534,4909534,1,"cohort_1",180,FALSE,"years",TRUE,8,5,"Denominator cohort 8","60 to 99","Male",365,2008-01-01,2012-01-01,NA,NA,FALSE,"SIDIAP"
"15",2736041,2736041,6,"Doesn't satisfy age criteria during the study period",0,0,1,"cohort_1",180,FALSE,"years",TRUE,8,5,"Denominator cohort 8","60 to 99","Male",365,2008-01-01,2012-01-01,NA,NA,FALSE,"SIDIAP"
"15",1578823,1578823,7,"Prior history requirement not fulfilled during study period",1157218,1157218,1,"cohort_1",180,FALSE,"years",TRUE,8,5,"Denominator cohort 8","60 to 99","Male",365,2008-01-01,2012-01-01,NA,NA,FALSE,"SIDIAP"
"15",789446,789446,8,"Not Male",789377,789377,1,"cohort_1",180,FALSE,"years",TRUE,8,5,"Denominator cohort 8","60 to 99","Male",365,2008-01-01,2012-01-01,NA,NA,FALSE,"SIDIAP"
"15",324193,324193,10,"No observation time available after applying age, prior history and, if applicable, strata criteria",465253,465253,1,"cohort_1",180,FALSE,"years",TRUE,8,5,"Denominator cohort 8","60 to 99","Male",365,2008-01-01,2012-01-01,NA,NA,FALSE,"SIDIAP"
"15",478597,324193,11,"Starting analysis population",NA,NA,1,"cohort_1",180,FALSE,"years",TRUE,8,5,"Denominator cohort 8","60 to 99","Male",365,2008-01-01,2012-01-01,NA,NA,FALSE,"SIDIAP"
"15",311089,311089,12,"Excluded due to prior event (do not pass outcome washout during study period)",167508,13104,1,"cohort_1",180,FALSE,"years",TRUE,8,5,"Denominator cohort 8","60 to 99","Male",365,2008-01-01,2012-01-01,NA,NA,FALSE,"SIDIAP"
"15",310914,310914,14,"Not observed during the complete database interval",175,175,1,"cohort_1",180,FALSE,"years",TRUE,8,5,"Denominator cohort 8","60 to 99","Male",365,2008-01-01,2012-01-01,NA,NA,FALSE,"SIDIAP"
"16",8265343,8265343,1,"Starting population",NA,NA,1,"cohort_1",180,FALSE,"overall",TRUE,8,5,"Denominator cohort 8","60 to 99","Male",365,2008-01-01,2012-01-01,NA,NA,FALSE,"SIDIAP"
"16",8265343,8265343,2,"Missing year of birth",0,0,1,"cohort_1",180,FALSE,"overall",TRUE,8,5,"Denominator cohort 8","60 to 99","Male",365,2008-01-01,2012-01-01,NA,NA,FALSE,"SIDIAP"
"16",8265343,8265343,3,"Missing sex",0,0,1,"cohort_1",180,FALSE,"overall",TRUE,8,5,"Denominator cohort 8","60 to 99","Male",365,2008-01-01,2012-01-01,NA,NA,FALSE,"SIDIAP"
"16",7645575,7645575,4,"Cannot satisfy age criteria during the study period based on year of birth",619768,619768,1,"cohort_1",180,FALSE,"overall",TRUE,8,5,"Denominator cohort 8","60 to 99","Male",365,2008-01-01,2012-01-01,NA,NA,FALSE,"SIDIAP"
"16",2736041,2736041,5,"No observation time available during study period",4909534,4909534,1,"cohort_1",180,FALSE,"overall",TRUE,8,5,"Denominator cohort 8","60 to 99","Male",365,2008-01-01,2012-01-01,NA,NA,FALSE,"SIDIAP"
"16",2736041,2736041,6,"Doesn't satisfy age criteria during the study period",0,0,1,"cohort_1",180,FALSE,"overall",TRUE,8,5,"Denominator cohort 8","60 to 99","Male",365,2008-01-01,2012-01-01,NA,NA,FALSE,"SIDIAP"
"16",1578823,1578823,7,"Prior history requirement not fulfilled during study period",1157218,1157218,1,"cohort_1",180,FALSE,"overall",TRUE,8,5,"Denominator cohort 8","60 to 99","Male",365,2008-01-01,2012-01-01,NA,NA,FALSE,"SIDIAP"
"16",789446,789446,8,"Not Male",789377,789377,1,"cohort_1",180,FALSE,"overall",TRUE,8,5,"Denominator cohort 8","60 to 99","Male",365,2008-01-01,2012-01-01,NA,NA,FALSE,"SIDIAP"
"16",324193,324193,10,"No observation time available after applying age, prior history and, if applicable, strata criteria",465253,465253,1,"cohort_1",180,FALSE,"overall",TRUE,8,5,"Denominator cohort 8","60 to 99","Male",365,2008-01-01,2012-01-01,NA,NA,FALSE,"SIDIAP"
"16",478597,324193,11,"Starting analysis population",NA,NA,1,"cohort_1",180,FALSE,"overall",TRUE,8,5,"Denominator cohort 8","60 to 99","Male",365,2008-01-01,2012-01-01,NA,NA,FALSE,"SIDIAP"
"16",311089,311089,12,"Excluded due to prior event (do not pass outcome washout during study period)",167508,13104,1,"cohort_1",180,FALSE,"overall",TRUE,8,5,"Denominator cohort 8","60 to 99","Male",365,2008-01-01,2012-01-01,NA,NA,FALSE,"SIDIAP"
"16",311089,311089,14,"Not observed during the complete database interval",0,0,1,"cohort_1",180,FALSE,"overall",TRUE,8,5,"Denominator cohort 8","60 to 99","Male",365,2008-01-01,2012-01-01,NA,NA,FALSE,"SIDIAP"
"17",8265343,8265343,1,"Starting population",NA,NA,1,"cohort_1",180,FALSE,"years",TRUE,9,5,"Denominator cohort 9","60 to 99","Both",365,2008-01-01,2012-01-01,NA,NA,FALSE,"SIDIAP"
"17",8265343,8265343,2,"Missing year of birth",0,0,1,"cohort_1",180,FALSE,"years",TRUE,9,5,"Denominator cohort 9","60 to 99","Both",365,2008-01-01,2012-01-01,NA,NA,FALSE,"SIDIAP"
"17",8265343,8265343,3,"Missing sex",0,0,1,"cohort_1",180,FALSE,"years",TRUE,9,5,"Denominator cohort 9","60 to 99","Both",365,2008-01-01,2012-01-01,NA,NA,FALSE,"SIDIAP"
"17",7645575,7645575,4,"Cannot satisfy age criteria during the study period based on year of birth",619768,619768,1,"cohort_1",180,FALSE,"years",TRUE,9,5,"Denominator cohort 9","60 to 99","Both",365,2008-01-01,2012-01-01,NA,NA,FALSE,"SIDIAP"
"17",2736041,2736041,5,"No observation time available during study period",4909534,4909534,1,"cohort_1",180,FALSE,"years",TRUE,9,5,"Denominator cohort 9","60 to 99","Both",365,2008-01-01,2012-01-01,NA,NA,FALSE,"SIDIAP"
"17",2736041,2736041,6,"Doesn't satisfy age criteria during the study period",0,0,1,"cohort_1",180,FALSE,"years",TRUE,9,5,"Denominator cohort 9","60 to 99","Both",365,2008-01-01,2012-01-01,NA,NA,FALSE,"SIDIAP"
"17",1578823,1578823,7,"Prior history requirement not fulfilled during study period",1157218,1157218,1,"cohort_1",180,FALSE,"years",TRUE,9,5,"Denominator cohort 9","60 to 99","Both",365,2008-01-01,2012-01-01,NA,NA,FALSE,"SIDIAP"
"17",648338,648338,10,"No observation time available after applying age, prior history and, if applicable, strata criteria",930485,930485,1,"cohort_1",180,FALSE,"years",TRUE,9,5,"Denominator cohort 9","60 to 99","Both",365,2008-01-01,2012-01-01,NA,NA,FALSE,"SIDIAP"
"17",957170,648338,11,"Starting analysis population",NA,NA,1,"cohort_1",180,FALSE,"years",TRUE,9,5,"Denominator cohort 9","60 to 99","Both",365,2008-01-01,2012-01-01,NA,NA,FALSE,"SIDIAP"
"17",622200,622200,12,"Excluded due to prior event (do not pass outcome washout during study period)",334970,26138,1,"cohort_1",180,FALSE,"years",TRUE,9,5,"Denominator cohort 9","60 to 99","Both",365,2008-01-01,2012-01-01,NA,NA,FALSE,"SIDIAP"
"17",621831,621831,14,"Not observed during the complete database interval",369,369,1,"cohort_1",180,FALSE,"years",TRUE,9,5,"Denominator cohort 9","60 to 99","Both",365,2008-01-01,2012-01-01,NA,NA,FALSE,"SIDIAP"
"18",8265343,8265343,1,"Starting population",NA,NA,1,"cohort_1",180,FALSE,"overall",TRUE,9,5,"Denominator cohort 9","60 to 99","Both",365,2008-01-01,2012-01-01,NA,NA,FALSE,"SIDIAP"
"18",8265343,8265343,2,"Missing year of birth",0,0,1,"cohort_1",180,FALSE,"overall",TRUE,9,5,"Denominator cohort 9","60 to 99","Both",365,2008-01-01,2012-01-01,NA,NA,FALSE,"SIDIAP"
"18",8265343,8265343,3,"Missing sex",0,0,1,"cohort_1",180,FALSE,"overall",TRUE,9,5,"Denominator cohort 9","60 to 99","Both",365,2008-01-01,2012-01-01,NA,NA,FALSE,"SIDIAP"
"18",7645575,7645575,4,"Cannot satisfy age criteria during the study period based on year of birth",619768,619768,1,"cohort_1",180,FALSE,"overall",TRUE,9,5,"Denominator cohort 9","60 to 99","Both",365,2008-01-01,2012-01-01,NA,NA,FALSE,"SIDIAP"
"18",2736041,2736041,5,"No observation time available during study period",4909534,4909534,1,"cohort_1",180,FALSE,"overall",TRUE,9,5,"Denominator cohort 9","60 to 99","Both",365,2008-01-01,2012-01-01,NA,NA,FALSE,"SIDIAP"
"18",2736041,2736041,6,"Doesn't satisfy age criteria during the study period",0,0,1,"cohort_1",180,FALSE,"overall",TRUE,9,5,"Denominator cohort 9","60 to 99","Both",365,2008-01-01,2012-01-01,NA,NA,FALSE,"SIDIAP"
"18",1578823,1578823,7,"Prior history requirement not fulfilled during study period",1157218,1157218,1,"cohort_1",180,FALSE,"overall",TRUE,9,5,"Denominator cohort 9","60 to 99","Both",365,2008-01-01,2012-01-01,NA,NA,FALSE,"SIDIAP"
"18",648338,648338,10,"No observation time available after applying age, prior history and, if applicable, strata criteria",930485,930485,1,"cohort_1",180,FALSE,"overall",TRUE,9,5,"Denominator cohort 9","60 to 99","Both",365,2008-01-01,2012-01-01,NA,NA,FALSE,"SIDIAP"
"18",957170,648338,11,"Starting analysis population",NA,NA,1,"cohort_1",180,FALSE,"overall",TRUE,9,5,"Denominator cohort 9","60 to 99","Both",365,2008-01-01,2012-01-01,NA,NA,FALSE,"SIDIAP"
"18",622200,622200,12,"Excluded due to prior event (do not pass outcome washout during study period)",334970,26138,1,"cohort_1",180,FALSE,"overall",TRUE,9,5,"Denominator cohort 9","60 to 99","Both",365,2008-01-01,2012-01-01,NA,NA,FALSE,"SIDIAP"
"18",622200,622200,14,"Not observed during the complete database interval",0,0,1,"cohort_1",180,FALSE,"overall",TRUE,9,5,"Denominator cohort 9","60 to 99","Both",365,2008-01-01,2012-01-01,NA,NA,FALSE,"SIDIAP"
"19",8265343,8265343,1,"Starting population",NA,NA,1,"cohort_1",180,FALSE,"years",TRUE,10,5,"Denominator cohort 10","18 to 99","Female",365,2008-01-01,2012-01-01,NA,NA,FALSE,"SIDIAP"
"19",8265343,8265343,2,"Missing year of birth",0,0,1,"cohort_1",180,FALSE,"years",TRUE,10,5,"Denominator cohort 10","18 to 99","Female",365,2008-01-01,2012-01-01,NA,NA,FALSE,"SIDIAP"
"19",8265343,8265343,3,"Missing sex",0,0,1,"cohort_1",180,FALSE,"years",TRUE,10,5,"Denominator cohort 10","18 to 99","Female",365,2008-01-01,2012-01-01,NA,NA,FALSE,"SIDIAP"
"19",7645575,7645575,4,"Cannot satisfy age criteria during the study period based on year of birth",619768,619768,1,"cohort_1",180,FALSE,"years",TRUE,10,5,"Denominator cohort 10","18 to 99","Female",365,2008-01-01,2012-01-01,NA,NA,FALSE,"SIDIAP"
"19",2736041,2736041,5,"No observation time available during study period",4909534,4909534,1,"cohort_1",180,FALSE,"years",TRUE,10,5,"Denominator cohort 10","18 to 99","Female",365,2008-01-01,2012-01-01,NA,NA,FALSE,"SIDIAP"
"19",2736041,2736041,6,"Doesn't satisfy age criteria during the study period",0,0,1,"cohort_1",180,FALSE,"years",TRUE,10,5,"Denominator cohort 10","18 to 99","Female",365,2008-01-01,2012-01-01,NA,NA,FALSE,"SIDIAP"
"19",1578823,1578823,7,"Prior history requirement not fulfilled during study period",1157218,1157218,1,"cohort_1",180,FALSE,"years",TRUE,10,5,"Denominator cohort 10","18 to 99","Female",365,2008-01-01,2012-01-01,NA,NA,FALSE,"SIDIAP"
"19",789377,789377,8,"Not Female",789446,789446,1,"cohort_1",180,FALSE,"years",TRUE,10,5,"Denominator cohort 10","18 to 99","Female",365,2008-01-01,2012-01-01,NA,NA,FALSE,"SIDIAP"
"19",771889,771889,10,"No observation time available after applying age, prior history and, if applicable, strata criteria",17488,17488,1,"cohort_1",180,FALSE,"years",TRUE,10,5,"Denominator cohort 10","18 to 99","Female",365,2008-01-01,2012-01-01,NA,NA,FALSE,"SIDIAP"
"19",1139441,771889,11,"Starting analysis population",NA,NA,1,"cohort_1",180,FALSE,"years",TRUE,10,5,"Denominator cohort 10","18 to 99","Female",365,2008-01-01,2012-01-01,NA,NA,FALSE,"SIDIAP"
"19",741195,741195,12,"Excluded due to prior event (do not pass outcome washout during study period)",398246,30694,1,"cohort_1",180,FALSE,"years",TRUE,10,5,"Denominator cohort 10","18 to 99","Female",365,2008-01-01,2012-01-01,NA,NA,FALSE,"SIDIAP"
"19",740753,740753,14,"Not observed during the complete database interval",442,442,1,"cohort_1",180,FALSE,"years",TRUE,10,5,"Denominator cohort 10","18 to 99","Female",365,2008-01-01,2012-01-01,NA,NA,FALSE,"SIDIAP"
"2",8265343,8265343,1,"Starting population",NA,NA,1,"cohort_1",180,FALSE,"overall",TRUE,1,5,"Denominator cohort 1","18 to 39","Female",365,2008-01-01,2012-01-01,NA,NA,FALSE,"SIDIAP"
"2",8265343,8265343,2,"Missing year of birth",0,0,1,"cohort_1",180,FALSE,"overall",TRUE,1,5,"Denominator cohort 1","18 to 39","Female",365,2008-01-01,2012-01-01,NA,NA,FALSE,"SIDIAP"
"2",8265343,8265343,3,"Missing sex",0,0,1,"cohort_1",180,FALSE,"overall",TRUE,1,5,"Denominator cohort 1","18 to 39","Female",365,2008-01-01,2012-01-01,NA,NA,FALSE,"SIDIAP"
"2",7645575,7645575,4,"Cannot satisfy age criteria during the study period based on year of birth",619768,619768,1,"cohort_1",180,FALSE,"overall",TRUE,1,5,"Denominator cohort 1","18 to 39","Female",365,2008-01-01,2012-01-01,NA,NA,FALSE,"SIDIAP"
"2",2736041,2736041,5,"No observation time available during study period",4909534,4909534,1,"cohort_1",180,FALSE,"overall",TRUE,1,5,"Denominator cohort 1","18 to 39","Female",365,2008-01-01,2012-01-01,NA,NA,FALSE,"SIDIAP"
"2",2736041,2736041,6,"Doesn't satisfy age criteria during the study period",0,0,1,"cohort_1",180,FALSE,"overall",TRUE,1,5,"Denominator cohort 1","18 to 39","Female",365,2008-01-01,2012-01-01,NA,NA,FALSE,"SIDIAP"
"2",1578823,1578823,7,"Prior history requirement not fulfilled during study period",1157218,1157218,1,"cohort_1",180,FALSE,"overall",TRUE,1,5,"Denominator cohort 1","18 to 39","Female",365,2008-01-01,2012-01-01,NA,NA,FALSE,"SIDIAP"
"2",789377,789377,8,"Not Female",789446,789446,1,"cohort_1",180,FALSE,"overall",TRUE,1,5,"Denominator cohort 1","18 to 39","Female",365,2008-01-01,2012-01-01,NA,NA,FALSE,"SIDIAP"
"2",242343,242343,10,"No observation time available after applying age, prior history and, if applicable, strata criteria",547034,547034,1,"cohort_1",180,FALSE,"overall",TRUE,1,5,"Denominator cohort 1","18 to 39","Female",365,2008-01-01,2012-01-01,NA,NA,FALSE,"SIDIAP"
"2",356826,242343,11,"Starting analysis population",NA,NA,1,"cohort_1",180,FALSE,"overall",TRUE,1,5,"Denominator cohort 1","18 to 39","Female",365,2008-01-01,2012-01-01,NA,NA,FALSE,"SIDIAP"
"2",232443,232443,12,"Excluded due to prior event (do not pass outcome washout during study period)",124383,9900,1,"cohort_1",180,FALSE,"overall",TRUE,1,5,"Denominator cohort 1","18 to 39","Female",365,2008-01-01,2012-01-01,NA,NA,FALSE,"SIDIAP"
"2",232443,232443,14,"Not observed during the complete database interval",0,0,1,"cohort_1",180,FALSE,"overall",TRUE,1,5,"Denominator cohort 1","18 to 39","Female",365,2008-01-01,2012-01-01,NA,NA,FALSE,"SIDIAP"
"20",8265343,8265343,1,"Starting population",NA,NA,1,"cohort_1",180,FALSE,"overall",TRUE,10,5,"Denominator cohort 10","18 to 99","Female",365,2008-01-01,2012-01-01,NA,NA,FALSE,"SIDIAP"
"20",8265343,8265343,2,"Missing year of birth",0,0,1,"cohort_1",180,FALSE,"overall",TRUE,10,5,"Denominator cohort 10","18 to 99","Female",365,2008-01-01,2012-01-01,NA,NA,FALSE,"SIDIAP"
"20",8265343,8265343,3,"Missing sex",0,0,1,"cohort_1",180,FALSE,"overall",TRUE,10,5,"Denominator cohort 10","18 to 99","Female",365,2008-01-01,2012-01-01,NA,NA,FALSE,"SIDIAP"
"20",7645575,7645575,4,"Cannot satisfy age criteria during the study period based on year of birth",619768,619768,1,"cohort_1",180,FALSE,"overall",TRUE,10,5,"Denominator cohort 10","18 to 99","Female",365,2008-01-01,2012-01-01,NA,NA,FALSE,"SIDIAP"
"20",2736041,2736041,5,"No observation time available during study period",4909534,4909534,1,"cohort_1",180,FALSE,"overall",TRUE,10,5,"Denominator cohort 10","18 to 99","Female",365,2008-01-01,2012-01-01,NA,NA,FALSE,"SIDIAP"
"20",2736041,2736041,6,"Doesn't satisfy age criteria during the study period",0,0,1,"cohort_1",180,FALSE,"overall",TRUE,10,5,"Denominator cohort 10","18 to 99","Female",365,2008-01-01,2012-01-01,NA,NA,FALSE,"SIDIAP"
"20",1578823,1578823,7,"Prior history requirement not fulfilled during study period",1157218,1157218,1,"cohort_1",180,FALSE,"overall",TRUE,10,5,"Denominator cohort 10","18 to 99","Female",365,2008-01-01,2012-01-01,NA,NA,FALSE,"SIDIAP"
"20",789377,789377,8,"Not Female",789446,789446,1,"cohort_1",180,FALSE,"overall",TRUE,10,5,"Denominator cohort 10","18 to 99","Female",365,2008-01-01,2012-01-01,NA,NA,FALSE,"SIDIAP"
"20",771889,771889,10,"No observation time available after applying age, prior history and, if applicable, strata criteria",17488,17488,1,"cohort_1",180,FALSE,"overall",TRUE,10,5,"Denominator cohort 10","18 to 99","Female",365,2008-01-01,2012-01-01,NA,NA,FALSE,"SIDIAP"
"20",1139441,771889,11,"Starting analysis population",NA,NA,1,"cohort_1",180,FALSE,"overall",TRUE,10,5,"Denominator cohort 10","18 to 99","Female",365,2008-01-01,2012-01-01,NA,NA,FALSE,"SIDIAP"
"20",741195,741195,12,"Excluded due to prior event (do not pass outcome washout during study period)",398246,30694,1,"cohort_1",180,FALSE,"overall",TRUE,10,5,"Denominator cohort 10","18 to 99","Female",365,2008-01-01,2012-01-01,NA,NA,FALSE,"SIDIAP"
"20",741195,741195,14,"Not observed during the complete database interval",0,0,1,"cohort_1",180,FALSE,"overall",TRUE,10,5,"Denominator cohort 10","18 to 99","Female",365,2008-01-01,2012-01-01,NA,NA,FALSE,"SIDIAP"
"21",8265343,8265343,1,"Starting population",NA,NA,1,"cohort_1",180,FALSE,"years",TRUE,11,5,"Denominator cohort 11","18 to 99","Male",365,2008-01-01,2012-01-01,NA,NA,FALSE,"SIDIAP"
"21",8265343,8265343,2,"Missing year of birth",0,0,1,"cohort_1",180,FALSE,"years",TRUE,11,5,"Denominator cohort 11","18 to 99","Male",365,2008-01-01,2012-01-01,NA,NA,FALSE,"SIDIAP"
"21",8265343,8265343,3,"Missing sex",0,0,1,"cohort_1",180,FALSE,"years",TRUE,11,5,"Denominator cohort 11","18 to 99","Male",365,2008-01-01,2012-01-01,NA,NA,FALSE,"SIDIAP"
"21",7645575,7645575,4,"Cannot satisfy age criteria during the study period based on year of birth",619768,619768,1,"cohort_1",180,FALSE,"years",TRUE,11,5,"Denominator cohort 11","18 to 99","Male",365,2008-01-01,2012-01-01,NA,NA,FALSE,"SIDIAP"
"21",2736041,2736041,5,"No observation time available during study period",4909534,4909534,1,"cohort_1",180,FALSE,"years",TRUE,11,5,"Denominator cohort 11","18 to 99","Male",365,2008-01-01,2012-01-01,NA,NA,FALSE,"SIDIAP"
"21",2736041,2736041,6,"Doesn't satisfy age criteria during the study period",0,0,1,"cohort_1",180,FALSE,"years",TRUE,11,5,"Denominator cohort 11","18 to 99","Male",365,2008-01-01,2012-01-01,NA,NA,FALSE,"SIDIAP"
"21",1578823,1578823,7,"Prior history requirement not fulfilled during study period",1157218,1157218,1,"cohort_1",180,FALSE,"years",TRUE,11,5,"Denominator cohort 11","18 to 99","Male",365,2008-01-01,2012-01-01,NA,NA,FALSE,"SIDIAP"
"21",789446,789446,8,"Not Male",789377,789377,1,"cohort_1",180,FALSE,"years",TRUE,11,5,"Denominator cohort 11","18 to 99","Male",365,2008-01-01,2012-01-01,NA,NA,FALSE,"SIDIAP"
"21",772172,772172,10,"No observation time available after applying age, prior history and, if applicable, strata criteria",17274,17274,1,"cohort_1",180,FALSE,"years",TRUE,11,5,"Denominator cohort 11","18 to 99","Male",365,2008-01-01,2012-01-01,NA,NA,FALSE,"SIDIAP"
"21",1140132,772172,11,"Starting analysis population",NA,NA,1,"cohort_1",180,FALSE,"years",TRUE,11,5,"Denominator cohort 11","18 to 99","Male",365,2008-01-01,2012-01-01,NA,NA,FALSE,"SIDIAP"
"21",741324,741324,12,"Excluded due to prior event (do not pass outcome washout during study period)",398808,30848,1,"cohort_1",180,FALSE,"years",TRUE,11,5,"Denominator cohort 11","18 to 99","Male",365,2008-01-01,2012-01-01,NA,NA,FALSE,"SIDIAP"
"21",740923,740923,14,"Not observed during the complete database interval",401,401,1,"cohort_1",180,FALSE,"years",TRUE,11,5,"Denominator cohort 11","18 to 99","Male",365,2008-01-01,2012-01-01,NA,NA,FALSE,"SIDIAP"
"22",8265343,8265343,1,"Starting population",NA,NA,1,"cohort_1",180,FALSE,"overall",TRUE,11,5,"Denominator cohort 11","18 to 99","Male",365,2008-01-01,2012-01-01,NA,NA,FALSE,"SIDIAP"
"22",8265343,8265343,2,"Missing year of birth",0,0,1,"cohort_1",180,FALSE,"overall",TRUE,11,5,"Denominator cohort 11","18 to 99","Male",365,2008-01-01,2012-01-01,NA,NA,FALSE,"SIDIAP"
"22",8265343,8265343,3,"Missing sex",0,0,1,"cohort_1",180,FALSE,"overall",TRUE,11,5,"Denominator cohort 11","18 to 99","Male",365,2008-01-01,2012-01-01,NA,NA,FALSE,"SIDIAP"
"22",7645575,7645575,4,"Cannot satisfy age criteria during the study period based on year of birth",619768,619768,1,"cohort_1",180,FALSE,"overall",TRUE,11,5,"Denominator cohort 11","18 to 99","Male",365,2008-01-01,2012-01-01,NA,NA,FALSE,"SIDIAP"
"22",2736041,2736041,5,"No observation time available during study period",4909534,4909534,1,"cohort_1",180,FALSE,"overall",TRUE,11,5,"Denominator cohort 11","18 to 99","Male",365,2008-01-01,2012-01-01,NA,NA,FALSE,"SIDIAP"
"22",2736041,2736041,6,"Doesn't satisfy age criteria during the study period",0,0,1,"cohort_1",180,FALSE,"overall",TRUE,11,5,"Denominator cohort 11","18 to 99","Male",365,2008-01-01,2012-01-01,NA,NA,FALSE,"SIDIAP"
"22",1578823,1578823,7,"Prior history requirement not fulfilled during study period",1157218,1157218,1,"cohort_1",180,FALSE,"overall",TRUE,11,5,"Denominator cohort 11","18 to 99","Male",365,2008-01-01,2012-01-01,NA,NA,FALSE,"SIDIAP"
"22",789446,789446,8,"Not Male",789377,789377,1,"cohort_1",180,FALSE,"overall",TRUE,11,5,"Denominator cohort 11","18 to 99","Male",365,2008-01-01,2012-01-01,NA,NA,FALSE,"SIDIAP"
"22",772172,772172,10,"No observation time available after applying age, prior history and, if applicable, strata criteria",17274,17274,1,"cohort_1",180,FALSE,"overall",TRUE,11,5,"Denominator cohort 11","18 to 99","Male",365,2008-01-01,2012-01-01,NA,NA,FALSE,"SIDIAP"
"22",1140132,772172,11,"Starting analysis population",NA,NA,1,"cohort_1",180,FALSE,"overall",TRUE,11,5,"Denominator cohort 11","18 to 99","Male",365,2008-01-01,2012-01-01,NA,NA,FALSE,"SIDIAP"
"22",741324,741324,12,"Excluded due to prior event (do not pass outcome washout during study period)",398808,30848,1,"cohort_1",180,FALSE,"overall",TRUE,11,5,"Denominator cohort 11","18 to 99","Male",365,2008-01-01,2012-01-01,NA,NA,FALSE,"SIDIAP"
"22",741324,741324,14,"Not observed during the complete database interval",0,0,1,"cohort_1",180,FALSE,"overall",TRUE,11,5,"Denominator cohort 11","18 to 99","Male",365,2008-01-01,2012-01-01,NA,NA,FALSE,"SIDIAP"
"23",8265343,8265343,1,"Starting population",NA,NA,1,"cohort_1",180,FALSE,"years",TRUE,12,5,"Denominator cohort 12","18 to 99","Both",365,2008-01-01,2012-01-01,NA,NA,FALSE,"SIDIAP"
"23",8265343,8265343,2,"Missing year of birth",0,0,1,"cohort_1",180,FALSE,"years",TRUE,12,5,"Denominator cohort 12","18 to 99","Both",365,2008-01-01,2012-01-01,NA,NA,FALSE,"SIDIAP"
"23",8265343,8265343,3,"Missing sex",0,0,1,"cohort_1",180,FALSE,"years",TRUE,12,5,"Denominator cohort 12","18 to 99","Both",365,2008-01-01,2012-01-01,NA,NA,FALSE,"SIDIAP"
"23",7645575,7645575,4,"Cannot satisfy age criteria during the study period based on year of birth",619768,619768,1,"cohort_1",180,FALSE,"years",TRUE,12,5,"Denominator cohort 12","18 to 99","Both",365,2008-01-01,2012-01-01,NA,NA,FALSE,"SIDIAP"
"23",2736041,2736041,5,"No observation time available during study period",4909534,4909534,1,"cohort_1",180,FALSE,"years",TRUE,12,5,"Denominator cohort 12","18 to 99","Both",365,2008-01-01,2012-01-01,NA,NA,FALSE,"SIDIAP"
"23",2736041,2736041,6,"Doesn't satisfy age criteria during the study period",0,0,1,"cohort_1",180,FALSE,"years",TRUE,12,5,"Denominator cohort 12","18 to 99","Both",365,2008-01-01,2012-01-01,NA,NA,FALSE,"SIDIAP"
"23",1578823,1578823,7,"Prior history requirement not fulfilled during study period",1157218,1157218,1,"cohort_1",180,FALSE,"years",TRUE,12,5,"Denominator cohort 12","18 to 99","Both",365,2008-01-01,2012-01-01,NA,NA,FALSE,"SIDIAP"
"23",1544061,1544061,10,"No observation time available after applying age, prior history and, if applicable, strata criteria",34762,34762,1,"cohort_1",180,FALSE,"years",TRUE,12,5,"Denominator cohort 12","18 to 99","Both",365,2008-01-01,2012-01-01,NA,NA,FALSE,"SIDIAP"
"23",2279573,1544061,11,"Starting analysis population",NA,NA,1,"cohort_1",180,FALSE,"years",TRUE,12,5,"Denominator cohort 12","18 to 99","Both",365,2008-01-01,2012-01-01,NA,NA,FALSE,"SIDIAP"
"23",1482519,1482519,12,"Excluded due to prior event (do not pass outcome washout during study period)",797054,61542,1,"cohort_1",180,FALSE,"years",TRUE,12,5,"Denominator cohort 12","18 to 99","Both",365,2008-01-01,2012-01-01,NA,NA,FALSE,"SIDIAP"
"23",1481676,1481676,14,"Not observed during the complete database interval",843,843,1,"cohort_1",180,FALSE,"years",TRUE,12,5,"Denominator cohort 12","18 to 99","Both",365,2008-01-01,2012-01-01,NA,NA,FALSE,"SIDIAP"
"24",8265343,8265343,1,"Starting population",NA,NA,1,"cohort_1",180,FALSE,"overall",TRUE,12,5,"Denominator cohort 12","18 to 99","Both",365,2008-01-01,2012-01-01,NA,NA,FALSE,"SIDIAP"
"24",8265343,8265343,2,"Missing year of birth",0,0,1,"cohort_1",180,FALSE,"overall",TRUE,12,5,"Denominator cohort 12","18 to 99","Both",365,2008-01-01,2012-01-01,NA,NA,FALSE,"SIDIAP"
"24",8265343,8265343,3,"Missing sex",0,0,1,"cohort_1",180,FALSE,"overall",TRUE,12,5,"Denominator cohort 12","18 to 99","Both",365,2008-01-01,2012-01-01,NA,NA,FALSE,"SIDIAP"
"24",7645575,7645575,4,"Cannot satisfy age criteria during the study period based on year of birth",619768,619768,1,"cohort_1",180,FALSE,"overall",TRUE,12,5,"Denominator cohort 12","18 to 99","Both",365,2008-01-01,2012-01-01,NA,NA,FALSE,"SIDIAP"
"24",2736041,2736041,5,"No observation time available during study period",4909534,4909534,1,"cohort_1",180,FALSE,"overall",TRUE,12,5,"Denominator cohort 12","18 to 99","Both",365,2008-01-01,2012-01-01,NA,NA,FALSE,"SIDIAP"
"24",2736041,2736041,6,"Doesn't satisfy age criteria during the study period",0,0,1,"cohort_1",180,FALSE,"overall",TRUE,12,5,"Denominator cohort 12","18 to 99","Both",365,2008-01-01,2012-01-01,NA,NA,FALSE,"SIDIAP"
"24",1578823,1578823,7,"Prior history requirement not fulfilled during study period",1157218,1157218,1,"cohort_1",180,FALSE,"overall",TRUE,12,5,"Denominator cohort 12","18 to 99","Both",365,2008-01-01,2012-01-01,NA,NA,FALSE,"SIDIAP"
"24",1544061,1544061,10,"No observation time available after applying age, prior history and, if applicable, strata criteria",34762,34762,1,"cohort_1",180,FALSE,"overall",TRUE,12,5,"Denominator cohort 12","18 to 99","Both",365,2008-01-01,2012-01-01,NA,NA,FALSE,"SIDIAP"
"24",2279573,1544061,11,"Starting analysis population",NA,NA,1,"cohort_1",180,FALSE,"overall",TRUE,12,5,"Denominator cohort 12","18 to 99","Both",365,2008-01-01,2012-01-01,NA,NA,FALSE,"SIDIAP"
"24",1482519,1482519,12,"Excluded due to prior event (do not pass outcome washout during study period)",797054,61542,1,"cohort_1",180,FALSE,"overall",TRUE,12,5,"Denominator cohort 12","18 to 99","Both",365,2008-01-01,2012-01-01,NA,NA,FALSE,"SIDIAP"
"24",1482519,1482519,14,"Not observed during the complete database interval",0,0,1,"cohort_1",180,FALSE,"overall",TRUE,12,5,"Denominator cohort 12","18 to 99","Both",365,2008-01-01,2012-01-01,NA,NA,FALSE,"SIDIAP"
"3",8265343,8265343,1,"Starting population",NA,NA,1,"cohort_1",180,FALSE,"years",TRUE,2,5,"Denominator cohort 2","18 to 39","Male",365,2008-01-01,2012-01-01,NA,NA,FALSE,"SIDIAP"
"3",8265343,8265343,2,"Missing year of birth",0,0,1,"cohort_1",180,FALSE,"years",TRUE,2,5,"Denominator cohort 2","18 to 39","Male",365,2008-01-01,2012-01-01,NA,NA,FALSE,"SIDIAP"
"3",8265343,8265343,3,"Missing sex",0,0,1,"cohort_1",180,FALSE,"years",TRUE,2,5,"Denominator cohort 2","18 to 39","Male",365,2008-01-01,2012-01-01,NA,NA,FALSE,"SIDIAP"
"3",7645575,7645575,4,"Cannot satisfy age criteria during the study period based on year of birth",619768,619768,1,"cohort_1",180,FALSE,"years",TRUE,2,5,"Denominator cohort 2","18 to 39","Male",365,2008-01-01,2012-01-01,NA,NA,FALSE,"SIDIAP"
"3",2736041,2736041,5,"No observation time available during study period",4909534,4909534,1,"cohort_1",180,FALSE,"years",TRUE,2,5,"Denominator cohort 2","18 to 39","Male",365,2008-01-01,2012-01-01,NA,NA,FALSE,"SIDIAP"
"3",2736041,2736041,6,"Doesn't satisfy age criteria during the study period",0,0,1,"cohort_1",180,FALSE,"years",TRUE,2,5,"Denominator cohort 2","18 to 39","Male",365,2008-01-01,2012-01-01,NA,NA,FALSE,"SIDIAP"
"3",1578823,1578823,7,"Prior history requirement not fulfilled during study period",1157218,1157218,1,"cohort_1",180,FALSE,"years",TRUE,2,5,"Denominator cohort 2","18 to 39","Male",365,2008-01-01,2012-01-01,NA,NA,FALSE,"SIDIAP"
"3",789446,789446,8,"Not Male",789377,789377,1,"cohort_1",180,FALSE,"years",TRUE,2,5,"Denominator cohort 2","18 to 39","Male",365,2008-01-01,2012-01-01,NA,NA,FALSE,"SIDIAP"
"3",242767,242767,10,"No observation time available after applying age, prior history and, if applicable, strata criteria",546679,546679,1,"cohort_1",180,FALSE,"years",TRUE,2,5,"Denominator cohort 2","18 to 39","Male",365,2008-01-01,2012-01-01,NA,NA,FALSE,"SIDIAP"
"3",357488,242767,11,"Starting analysis population",NA,NA,1,"cohort_1",180,FALSE,"years",TRUE,2,5,"Denominator cohort 2","18 to 39","Male",365,2008-01-01,2012-01-01,NA,NA,FALSE,"SIDIAP"
"3",232792,232792,12,"Excluded due to prior event (do not pass outcome washout during study period)",124696,9975,1,"cohort_1",180,FALSE,"years",TRUE,2,5,"Denominator cohort 2","18 to 39","Male",365,2008-01-01,2012-01-01,NA,NA,FALSE,"SIDIAP"
"3",232663,232663,14,"Not observed during the complete database interval",129,129,1,"cohort_1",180,FALSE,"years",TRUE,2,5,"Denominator cohort 2","18 to 39","Male",365,2008-01-01,2012-01-01,NA,NA,FALSE,"SIDIAP"
"4",8265343,8265343,1,"Starting population",NA,NA,1,"cohort_1",180,FALSE,"overall",TRUE,2,5,"Denominator cohort 2","18 to 39","Male",365,2008-01-01,2012-01-01,NA,NA,FALSE,"SIDIAP"
"4",8265343,8265343,2,"Missing year of birth",0,0,1,"cohort_1",180,FALSE,"overall",TRUE,2,5,"Denominator cohort 2","18 to 39","Male",365,2008-01-01,2012-01-01,NA,NA,FALSE,"SIDIAP"
"4",8265343,8265343,3,"Missing sex",0,0,1,"cohort_1",180,FALSE,"overall",TRUE,2,5,"Denominator cohort 2","18 to 39","Male",365,2008-01-01,2012-01-01,NA,NA,FALSE,"SIDIAP"
"4",7645575,7645575,4,"Cannot satisfy age criteria during the study period based on year of birth",619768,619768,1,"cohort_1",180,FALSE,"overall",TRUE,2,5,"Denominator cohort 2","18 to 39","Male",365,2008-01-01,2012-01-01,NA,NA,FALSE,"SIDIAP"
"4",2736041,2736041,5,"No observation time available during study period",4909534,4909534,1,"cohort_1",180,FALSE,"overall",TRUE,2,5,"Denominator cohort 2","18 to 39","Male",365,2008-01-01,2012-01-01,NA,NA,FALSE,"SIDIAP"
"4",2736041,2736041,6,"Doesn't satisfy age criteria during the study period",0,0,1,"cohort_1",180,FALSE,"overall",TRUE,2,5,"Denominator cohort 2","18 to 39","Male",365,2008-01-01,2012-01-01,NA,NA,FALSE,"SIDIAP"
"4",1578823,1578823,7,"Prior history requirement not fulfilled during study period",1157218,1157218,1,"cohort_1",180,FALSE,"overall",TRUE,2,5,"Denominator cohort 2","18 to 39","Male",365,2008-01-01,2012-01-01,NA,NA,FALSE,"SIDIAP"
"4",789446,789446,8,"Not Male",789377,789377,1,"cohort_1",180,FALSE,"overall",TRUE,2,5,"Denominator cohort 2","18 to 39","Male",365,2008-01-01,2012-01-01,NA,NA,FALSE,"SIDIAP"
"4",242767,242767,10,"No observation time available after applying age, prior history and, if applicable, strata criteria",546679,546679,1,"cohort_1",180,FALSE,"overall",TRUE,2,5,"Denominator cohort 2","18 to 39","Male",365,2008-01-01,2012-01-01,NA,NA,FALSE,"SIDIAP"
"4",357488,242767,11,"Starting analysis population",NA,NA,1,"cohort_1",180,FALSE,"overall",TRUE,2,5,"Denominator cohort 2","18 to 39","Male",365,2008-01-01,2012-01-01,NA,NA,FALSE,"SIDIAP"
"4",232792,232792,12,"Excluded due to prior event (do not pass outcome washout during study period)",124696,9975,1,"cohort_1",180,FALSE,"overall",TRUE,2,5,"Denominator cohort 2","18 to 39","Male",365,2008-01-01,2012-01-01,NA,NA,FALSE,"SIDIAP"
"4",232792,232792,14,"Not observed during the complete database interval",0,0,1,"cohort_1",180,FALSE,"overall",TRUE,2,5,"Denominator cohort 2","18 to 39","Male",365,2008-01-01,2012-01-01,NA,NA,FALSE,"SIDIAP"
"5",8265343,8265343,1,"Starting population",NA,NA,1,"cohort_1",180,FALSE,"years",TRUE,3,5,"Denominator cohort 3","18 to 39","Both",365,2008-01-01,2012-01-01,NA,NA,FALSE,"SIDIAP"
"5",8265343,8265343,2,"Missing year of birth",0,0,1,"cohort_1",180,FALSE,"years",TRUE,3,5,"Denominator cohort 3","18 to 39","Both",365,2008-01-01,2012-01-01,NA,NA,FALSE,"SIDIAP"
"5",8265343,8265343,3,"Missing sex",0,0,1,"cohort_1",180,FALSE,"years",TRUE,3,5,"Denominator cohort 3","18 to 39","Both",365,2008-01-01,2012-01-01,NA,NA,FALSE,"SIDIAP"
"5",7645575,7645575,4,"Cannot satisfy age criteria during the study period based on year of birth",619768,619768,1,"cohort_1",180,FALSE,"years",TRUE,3,5,"Denominator cohort 3","18 to 39","Both",365,2008-01-01,2012-01-01,NA,NA,FALSE,"SIDIAP"
"5",2736041,2736041,5,"No observation time available during study period",4909534,4909534,1,"cohort_1",180,FALSE,"years",TRUE,3,5,"Denominator cohort 3","18 to 39","Both",365,2008-01-01,2012-01-01,NA,NA,FALSE,"SIDIAP"
"5",2736041,2736041,6,"Doesn't satisfy age criteria during the study period",0,0,1,"cohort_1",180,FALSE,"years",TRUE,3,5,"Denominator cohort 3","18 to 39","Both",365,2008-01-01,2012-01-01,NA,NA,FALSE,"SIDIAP"
"5",1578823,1578823,7,"Prior history requirement not fulfilled during study period",1157218,1157218,1,"cohort_1",180,FALSE,"years",TRUE,3,5,"Denominator cohort 3","18 to 39","Both",365,2008-01-01,2012-01-01,NA,NA,FALSE,"SIDIAP"
"5",485110,485110,10,"No observation time available after applying age, prior history and, if applicable, strata criteria",1093713,1093713,1,"cohort_1",180,FALSE,"years",TRUE,3,5,"Denominator cohort 3","18 to 39","Both",365,2008-01-01,2012-01-01,NA,NA,FALSE,"SIDIAP"
"5",714314,485110,11,"Starting analysis population",NA,NA,1,"cohort_1",180,FALSE,"years",TRUE,3,5,"Denominator cohort 3","18 to 39","Both",365,2008-01-01,2012-01-01,NA,NA,FALSE,"SIDIAP"
"5",465235,465235,12,"Excluded due to prior event (do not pass outcome washout during study period)",249079,19875,1,"cohort_1",180,FALSE,"years",TRUE,3,5,"Denominator cohort 3","18 to 39","Both",365,2008-01-01,2012-01-01,NA,NA,FALSE,"SIDIAP"
"5",464968,464968,14,"Not observed during the complete database interval",267,267,1,"cohort_1",180,FALSE,"years",TRUE,3,5,"Denominator cohort 3","18 to 39","Both",365,2008-01-01,2012-01-01,NA,NA,FALSE,"SIDIAP"
"6",8265343,8265343,1,"Starting population",NA,NA,1,"cohort_1",180,FALSE,"overall",TRUE,3,5,"Denominator cohort 3","18 to 39","Both",365,2008-01-01,2012-01-01,NA,NA,FALSE,"SIDIAP"
"6",8265343,8265343,2,"Missing year of birth",0,0,1,"cohort_1",180,FALSE,"overall",TRUE,3,5,"Denominator cohort 3","18 to 39","Both",365,2008-01-01,2012-01-01,NA,NA,FALSE,"SIDIAP"
"6",8265343,8265343,3,"Missing sex",0,0,1,"cohort_1",180,FALSE,"overall",TRUE,3,5,"Denominator cohort 3","18 to 39","Both",365,2008-01-01,2012-01-01,NA,NA,FALSE,"SIDIAP"
"6",7645575,7645575,4,"Cannot satisfy age criteria during the study period based on year of birth",619768,619768,1,"cohort_1",180,FALSE,"overall",TRUE,3,5,"Denominator cohort 3","18 to 39","Both",365,2008-01-01,2012-01-01,NA,NA,FALSE,"SIDIAP"
"6",2736041,2736041,5,"No observation time available during study period",4909534,4909534,1,"cohort_1",180,FALSE,"overall",TRUE,3,5,"Denominator cohort 3","18 to 39","Both",365,2008-01-01,2012-01-01,NA,NA,FALSE,"SIDIAP"
"6",2736041,2736041,6,"Doesn't satisfy age criteria during the study period",0,0,1,"cohort_1",180,FALSE,"overall",TRUE,3,5,"Denominator cohort 3","18 to 39","Both",365,2008-01-01,2012-01-01,NA,NA,FALSE,"SIDIAP"
"6",1578823,1578823,7,"Prior history requirement not fulfilled during study period",1157218,1157218,1,"cohort_1",180,FALSE,"overall",TRUE,3,5,"Denominator cohort 3","18 to 39","Both",365,2008-01-01,2012-01-01,NA,NA,FALSE,"SIDIAP"
"6",485110,485110,10,"No observation time available after applying age, prior history and, if applicable, strata criteria",1093713,1093713,1,"cohort_1",180,FALSE,"overall",TRUE,3,5,"Denominator cohort 3","18 to 39","Both",365,2008-01-01,2012-01-01,NA,NA,FALSE,"SIDIAP"
"6",714314,485110,11,"Starting analysis population",NA,NA,1,"cohort_1",180,FALSE,"overall",TRUE,3,5,"Denominator cohort 3","18 to 39","Both",365,2008-01-01,2012-01-01,NA,NA,FALSE,"SIDIAP"
"6",465235,465235,12,"Excluded due to prior event (do not pass outcome washout during study period)",249079,19875,1,"cohort_1",180,FALSE,"overall",TRUE,3,5,"Denominator cohort 3","18 to 39","Both",365,2008-01-01,2012-01-01,NA,NA,FALSE,"SIDIAP"
"6",465235,465235,14,"Not observed during the complete database interval",0,0,1,"cohort_1",180,FALSE,"overall",TRUE,3,5,"Denominator cohort 3","18 to 39","Both",365,2008-01-01,2012-01-01,NA,NA,FALSE,"SIDIAP"
"7",8265343,8265343,1,"Starting population",NA,NA,1,"cohort_1",180,FALSE,"years",TRUE,4,5,"Denominator cohort 4","40 to 59","Female",365,2008-01-01,2012-01-01,NA,NA,FALSE,"SIDIAP"
"7",8265343,8265343,2,"Missing year of birth",0,0,1,"cohort_1",180,FALSE,"years",TRUE,4,5,"Denominator cohort 4","40 to 59","Female",365,2008-01-01,2012-01-01,NA,NA,FALSE,"SIDIAP"
"7",8265343,8265343,3,"Missing sex",0,0,1,"cohort_1",180,FALSE,"years",TRUE,4,5,"Denominator cohort 4","40 to 59","Female",365,2008-01-01,2012-01-01,NA,NA,FALSE,"SIDIAP"
"7",7645575,7645575,4,"Cannot satisfy age criteria during the study period based on year of birth",619768,619768,1,"cohort_1",180,FALSE,"years",TRUE,4,5,"Denominator cohort 4","40 to 59","Female",365,2008-01-01,2012-01-01,NA,NA,FALSE,"SIDIAP"
"7",2736041,2736041,5,"No observation time available during study period",4909534,4909534,1,"cohort_1",180,FALSE,"years",TRUE,4,5,"Denominator cohort 4","40 to 59","Female",365,2008-01-01,2012-01-01,NA,NA,FALSE,"SIDIAP"
"7",2736041,2736041,6,"Doesn't satisfy age criteria during the study period",0,0,1,"cohort_1",180,FALSE,"years",TRUE,4,5,"Denominator cohort 4","40 to 59","Female",365,2008-01-01,2012-01-01,NA,NA,FALSE,"SIDIAP"
"7",1578823,1578823,7,"Prior history requirement not fulfilled during study period",1157218,1157218,1,"cohort_1",180,FALSE,"years",TRUE,4,5,"Denominator cohort 4","40 to 59","Female",365,2008-01-01,2012-01-01,NA,NA,FALSE,"SIDIAP"
"7",789377,789377,8,"Not Female",789446,789446,1,"cohort_1",180,FALSE,"years",TRUE,4,5,"Denominator cohort 4","40 to 59","Female",365,2008-01-01,2012-01-01,NA,NA,FALSE,"SIDIAP"
"7",220583,220583,10,"No observation time available after applying age, prior history and, if applicable, strata criteria",568794,568794,1,"cohort_1",180,FALSE,"years",TRUE,4,5,"Denominator cohort 4","40 to 59","Female",365,2008-01-01,2012-01-01,NA,NA,FALSE,"SIDIAP"
"7",324879,220583,11,"Starting analysis population",NA,NA,1,"cohort_1",180,FALSE,"years",TRUE,4,5,"Denominator cohort 4","40 to 59","Female",365,2008-01-01,2012-01-01,NA,NA,FALSE,"SIDIAP"
"7",211633,211633,12,"Excluded due to prior event (do not pass outcome washout during study period)",113246,8950,1,"cohort_1",180,FALSE,"years",TRUE,4,5,"Denominator cohort 4","40 to 59","Female",365,2008-01-01,2012-01-01,NA,NA,FALSE,"SIDIAP"
"7",211509,211509,14,"Not observed during the complete database interval",124,124,1,"cohort_1",180,FALSE,"years",TRUE,4,5,"Denominator cohort 4","40 to 59","Female",365,2008-01-01,2012-01-01,NA,NA,FALSE,"SIDIAP"
"8",8265343,8265343,1,"Starting population",NA,NA,1,"cohort_1",180,FALSE,"overall",TRUE,4,5,"Denominator cohort 4","40 to 59","Female",365,2008-01-01,2012-01-01,NA,NA,FALSE,"SIDIAP"
"8",8265343,8265343,2,"Missing year of birth",0,0,1,"cohort_1",180,FALSE,"overall",TRUE,4,5,"Denominator cohort 4","40 to 59","Female",365,2008-01-01,2012-01-01,NA,NA,FALSE,"SIDIAP"
"8",8265343,8265343,3,"Missing sex",0,0,1,"cohort_1",180,FALSE,"overall",TRUE,4,5,"Denominator cohort 4","40 to 59","Female",365,2008-01-01,2012-01-01,NA,NA,FALSE,"SIDIAP"
"8",7645575,7645575,4,"Cannot satisfy age criteria during the study period based on year of birth",619768,619768,1,"cohort_1",180,FALSE,"overall",TRUE,4,5,"Denominator cohort 4","40 to 59","Female",365,2008-01-01,2012-01-01,NA,NA,FALSE,"SIDIAP"
"8",2736041,2736041,5,"No observation time available during study period",4909534,4909534,1,"cohort_1",180,FALSE,"overall",TRUE,4,5,"Denominator cohort 4","40 to 59","Female",365,2008-01-01,2012-01-01,NA,NA,FALSE,"SIDIAP"
"8",2736041,2736041,6,"Doesn't satisfy age criteria during the study period",0,0,1,"cohort_1",180,FALSE,"overall",TRUE,4,5,"Denominator cohort 4","40 to 59","Female",365,2008-01-01,2012-01-01,NA,NA,FALSE,"SIDIAP"
"8",1578823,1578823,7,"Prior history requirement not fulfilled during study period",1157218,1157218,1,"cohort_1",180,FALSE,"overall",TRUE,4,5,"Denominator cohort 4","40 to 59","Female",365,2008-01-01,2012-01-01,NA,NA,FALSE,"SIDIAP"
"8",789377,789377,8,"Not Female",789446,789446,1,"cohort_1",180,FALSE,"overall",TRUE,4,5,"Denominator cohort 4","40 to 59","Female",365,2008-01-01,2012-01-01,NA,NA,FALSE,"SIDIAP"
"8",220583,220583,10,"No observation time available after applying age, prior history and, if applicable, strata criteria",568794,568794,1,"cohort_1",180,FALSE,"overall",TRUE,4,5,"Denominator cohort 4","40 to 59","Female",365,2008-01-01,2012-01-01,NA,NA,FALSE,"SIDIAP"
"8",324879,220583,11,"Starting analysis population",NA,NA,1,"cohort_1",180,FALSE,"overall",TRUE,4,5,"Denominator cohort 4","40 to 59","Female",365,2008-01-01,2012-01-01,NA,NA,FALSE,"SIDIAP"
"8",211633,211633,12,"Excluded due to prior event (do not pass outcome washout during study period)",113246,8950,1,"cohort_1",180,FALSE,"overall",TRUE,4,5,"Denominator cohort 4","40 to 59","Female",365,2008-01-01,2012-01-01,NA,NA,FALSE,"SIDIAP"
"8",211633,211633,14,"Not observed during the complete database interval",0,0,1,"cohort_1",180,FALSE,"overall",TRUE,4,5,"Denominator cohort 4","40 to 59","Female",365,2008-01-01,2012-01-01,NA,NA,FALSE,"SIDIAP"
"9",8265343,8265343,1,"Starting population",NA,NA,1,"cohort_1",180,FALSE,"years",TRUE,5,5,"Denominator cohort 5","40 to 59","Male",365,2008-01-01,2012-01-01,NA,NA,FALSE,"SIDIAP"
"9",8265343,8265343,2,"Missing year of birth",0,0,1,"cohort_1",180,FALSE,"years",TRUE,5,5,"Denominator cohort 5","40 to 59","Male",365,2008-01-01,2012-01-01,NA,NA,FALSE,"SIDIAP"
"9",8265343,8265343,3,"Missing sex",0,0,1,"cohort_1",180,FALSE,"years",TRUE,5,5,"Denominator cohort 5","40 to 59","Male",365,2008-01-01,2012-01-01,NA,NA,FALSE,"SIDIAP"
"9",7645575,7645575,4,"Cannot satisfy age criteria during the study period based on year of birth",619768,619768,1,"cohort_1",180,FALSE,"years",TRUE,5,5,"Denominator cohort 5","40 to 59","Male",365,2008-01-01,2012-01-01,NA,NA,FALSE,"SIDIAP"
"9",2736041,2736041,5,"No observation time available during study period",4909534,4909534,1,"cohort_1",180,FALSE,"years",TRUE,5,5,"Denominator cohort 5","40 to 59","Male",365,2008-01-01,2012-01-01,NA,NA,FALSE,"SIDIAP"
"9",2736041,2736041,6,"Doesn't satisfy age criteria during the study period",0,0,1,"cohort_1",180,FALSE,"years",TRUE,5,5,"Denominator cohort 5","40 to 59","Male",365,2008-01-01,2012-01-01,NA,NA,FALSE,"SIDIAP"
"9",1578823,1578823,7,"Prior history requirement not fulfilled during study period",1157218,1157218,1,"cohort_1",180,FALSE,"years",TRUE,5,5,"Denominator cohort 5","40 to 59","Male",365,2008-01-01,2012-01-01,NA,NA,FALSE,"SIDIAP"
"9",789446,789446,8,"Not Male",789377,789377,1,"cohort_1",180,FALSE,"years",TRUE,5,5,"Denominator cohort 5","40 to 59","Male",365,2008-01-01,2012-01-01,NA,NA,FALSE,"SIDIAP"
"9",220492,220492,10,"No observation time available after applying age, prior history and, if applicable, strata criteria",568954,568954,1,"cohort_1",180,FALSE,"years",TRUE,5,5,"Denominator cohort 5","40 to 59","Male",365,2008-01-01,2012-01-01,NA,NA,FALSE,"SIDIAP"
"9",324847,220492,11,"Starting analysis population",NA,NA,1,"cohort_1",180,FALSE,"years",TRUE,5,5,"Denominator cohort 5","40 to 59","Male",365,2008-01-01,2012-01-01,NA,NA,FALSE,"SIDIAP"
"9",211627,211627,12,"Excluded due to prior event (do not pass outcome washout during study period)",113220,8865,1,"cohort_1",180,FALSE,"years",TRUE,5,5,"Denominator cohort 5","40 to 59","Male",365,2008-01-01,2012-01-01,NA,NA,FALSE,"SIDIAP"
"9",211517,211517,14,"Not observed during the complete database interval",110,110,1,"cohort_1",180,FALSE,"years",TRUE,5,5,"Denominator cohort 5","40 to 59","Male",365,2008-01-01,2012-01-01,NA,NA,FALSE,"SIDIAP"
