"analysis_id","n_persons","person_days","n_events","incidence_start_date","incidence_end_date","person_years","incidence_100000_pys","incidence_100000_pys_95CI_lower","incidence_100000_pys_95CI_upper","cohort_obscured","result_obscured","outcome_cohort_id","outcome_cohort_name","analysis_outcome_washout","analysis_repeated_events","analysis_interval","analysis_complete_database_intervals","denominator_cohort_id","analysis_min_cell_count","denominator_cohort_name","denominator_age_group","denominator_sex","denominator_days_prior_history","denominator_start_date","denominator_end_date","denominator_strata_cohort_definition_id","denominator_strata_cohort_name","denominator_closed_cohort","cdm_name"
"1",28323,4310664,3283,2008-01-01,2008-12-31,11801.954825462,27817.425575271,26873.9306639767,28785.5890012456,"FALSE","FALSE",1,"cohort_1",180,FALSE,"years",TRUE,1,5,"Denominator cohort 1","18 to 39","Female",365,2008-01-01,2012-01-01,NA,NA,FALSE,"IPCI"
"1",27142,4176268,3325,2009-01-01,2009-12-31,11433.9986310746,29079.9405114806,28099.8203818847,30085.5220673698,"FALSE","FALSE",1,"cohort_1",180,FALSE,"years",TRUE,1,5,"Denominator cohort 1","18 to 39","Female",365,2008-01-01,2012-01-01,NA,NA,FALSE,"IPCI"
"1",27041,4126109,3441,2010-01-01,2010-12-31,11296.6707734428,30460.30170313,29450.9645395478,31495.4072696133,"FALSE","FALSE",1,"cohort_1",180,FALSE,"years",TRUE,1,5,"Denominator cohort 1","18 to 39","Female",365,2008-01-01,2012-01-01,NA,NA,FALSE,"IPCI"
"1",27151,4148905,3216,2011-01-01,2011-12-31,11359.0828199863,28312.1450117561,27342.0052657978,29307.9166098294,"FALSE","FALSE",1,"cohort_1",180,FALSE,"years",TRUE,1,5,"Denominator cohort 1","18 to 39","Female",365,2008-01-01,2012-01-01,NA,NA,FALSE,"IPCI"
"10",68440,15230315,11966,2008-01-01,2012-01-01,41698.3299110198,28696.5929463704,28184.7014636625,29215.4469454533,"FALSE","FALSE",1,"cohort_1",180,FALSE,"overall",TRUE,5,5,"Denominator cohort 5","40 to 59","Male",365,2008-01-01,2012-01-01,NA,NA,FALSE,"IPCI"
"11",51615,7866689,5957,2008-01-01,2008-12-31,21537.8206707734,27658.3229615407,26960.3702902441,28369.7727262004,"FALSE","FALSE",1,"cohort_1",180,FALSE,"years",TRUE,6,5,"Denominator cohort 6","40 to 59","Both",365,2008-01-01,2012-01-01,NA,NA,FALSE,"IPCI"
"11",49181,7520354,5867,2009-01-01,2009-12-31,20589.607118412,28494.9584820076,27770.4342619388,29233.6018467749,"FALSE","FALSE",1,"cohort_1",180,FALSE,"years",TRUE,6,5,"Denominator cohort 6","40 to 59","Both",365,2008-01-01,2012-01-01,NA,NA,FALSE,"IPCI"
"11",48787,7485519,5832,2010-01-01,2010-12-31,20494.2340862423,28456.7843592408,27731.0767311734,29196.6770239426,"FALSE","FALSE",1,"cohort_1",180,FALSE,"years",TRUE,6,5,"Denominator cohort 6","40 to 59","Both",365,2008-01-01,2012-01-01,NA,NA,FALSE,"IPCI"
"11",49340,7578721,6056,2011-01-01,2011-12-31,20749.4072553046,29186.3759069637,28455.8700015042,29930.8912532747,"FALSE","FALSE",1,"cohort_1",180,FALSE,"years",TRUE,6,5,"Denominator cohort 6","40 to 59","Both",365,2008-01-01,2012-01-01,NA,NA,FALSE,"IPCI"
"12",137166,30472090,23725,2008-01-01,2012-01-01,83428.0355920602,28437.6826466448,28076.960437088,28801.8816999125,"FALSE","FALSE",1,"cohort_1",180,FALSE,"overall",TRUE,6,5,"Denominator cohort 6","40 to 59","Both",365,2008-01-01,2012-01-01,NA,NA,FALSE,"IPCI"
"13",36158,5566082,4163,2008-01-01,2008-12-31,15239.1019849418,27317.8826686348,26494.2799999507,28160.5774142406,"FALSE","FALSE",1,"cohort_1",180,FALSE,"years",TRUE,7,5,"Denominator cohort 7","60 to 99","Female",365,2008-01-01,2012-01-01,NA,NA,FALSE,"IPCI"
"13",36079,5579230,4466,2009-01-01,2009-12-31,15275.099247091,29237.1259116401,28385.8644544066,30107.4310360661,"FALSE","FALSE",1,"cohort_1",180,FALSE,"years",TRUE,7,5,"Denominator cohort 7","60 to 99","Female",365,2008-01-01,2012-01-01,NA,NA,FALSE,"IPCI"
"13",36862,5738005,4668,2010-01-01,2010-12-31,15709.8015058179,29713.9336755545,28867.5798854569,30578.8021465859,"FALSE","FALSE",1,"cohort_1",180,FALSE,"years",TRUE,7,5,"Denominator cohort 7","60 to 99","Female",365,2008-01-01,2012-01-01,NA,NA,FALSE,"IPCI"
"13",38142,5949371,4748,2011-01-01,2011-12-31,16288.4900752909,29149.417644319,28326.1177576239,29990.5736905718,"FALSE","FALSE",1,"cohort_1",180,FALSE,"years",TRUE,7,5,"Denominator cohort 7","60 to 99","Female",365,2008-01-01,2012-01-01,NA,NA,FALSE,"IPCI"
"14",100653,22848990,18065,2008-01-01,2012-01-01,62557.1252566735,28877.6057497509,28458.0169535729,29301.832849664,"FALSE","FALSE",1,"cohort_1",180,FALSE,"overall",TRUE,7,5,"Denominator cohort 7","60 to 99","Female",365,2008-01-01,2012-01-01,NA,NA,FALSE,"IPCI"
"15",36093,5537087,4190,2008-01-01,2008-12-31,15159.7180013689,27639.0365547805,26808.4202739498,28488.8445664445,"FALSE","FALSE",1,"cohort_1",180,FALSE,"years",TRUE,8,5,"Denominator cohort 8","60 to 99","Male",365,2008-01-01,2012-01-01,NA,NA,FALSE,"IPCI"
"15",35897,5623510,4534,2009-01-01,2009-12-31,15396.3312799452,29448.5739333619,28597.5630756356,30318.4777929306,"FALSE","FALSE",1,"cohort_1",180,FALSE,"years",TRUE,8,5,"Denominator cohort 8","60 to 99","Male",365,2008-01-01,2012-01-01,NA,NA,FALSE,"IPCI"
"15",37122,5775964,4471,2010-01-01,2010-12-31,15813.7275838467,28272.9038823649,27450.1735442636,29114.0291933251,"FALSE","FALSE",1,"cohort_1",180,FALSE,"years",TRUE,8,5,"Denominator cohort 8","60 to 99","Male",365,2008-01-01,2012-01-01,NA,NA,FALSE,"IPCI"
"15",38378,5982143,4743,2011-01-01,2011-12-31,16378.2149212868,28959.1999054519,28140.8446047716,29795.3135897822,"FALSE","FALSE",1,"cohort_1",180,FALSE,"years",TRUE,8,5,"Denominator cohort 8","60 to 99","Male",365,2008-01-01,2012-01-01,NA,NA,FALSE,"IPCI"
"16",100832,22935419,17949,2008-01-01,2012-01-01,62793.7549623545,28584.0526828832,28167.3941420357,29005.332086032,"FALSE","FALSE",1,"cohort_1",180,FALSE,"overall",TRUE,8,5,"Denominator cohort 8","60 to 99","Male",365,2008-01-01,2012-01-01,NA,NA,FALSE,"IPCI"
"17",72251,11103169,8353,2008-01-01,2008-12-31,30398.8199863107,27478.0402784106,26891.8945376449,28073.742350271,"FALSE","FALSE",1,"cohort_1",180,FALSE,"years",TRUE,9,5,"Denominator cohort 9","60 to 99","Both",365,2008-01-01,2012-01-01,NA,NA,FALSE,"IPCI"
"17",71976,11202740,9000,2009-01-01,2009-12-31,30671.4305270363,29343.267807697,28740.1347012768,29955.8710315149,"FALSE","FALSE",1,"cohort_1",180,FALSE,"years",TRUE,9,5,"Denominator cohort 9","60 to 99","Both",365,2008-01-01,2012-01-01,NA,NA,FALSE,"IPCI"
"17",73984,11513969,9139,2010-01-01,2010-12-31,31523.5290896646,28991.0434012807,28399.6758491324,29591.6248388632,"FALSE","FALSE",1,"cohort_1",180,FALSE,"years",TRUE,9,5,"Denominator cohort 9","60 to 99","Both",365,2008-01-01,2012-01-01,NA,NA,FALSE,"IPCI"
"17",76520,11931514,9491,2011-01-01,2011-12-31,32666.7049965777,29054.0475416615,28472.4332132489,29644.5527286035,"FALSE","FALSE",1,"cohort_1",180,FALSE,"years",TRUE,9,5,"Denominator cohort 9","60 to 99","Both",365,2008-01-01,2012-01-01,NA,NA,FALSE,"IPCI"
"18",201485,45784409,36014,2008-01-01,2012-01-01,125350.880219028,28730.5521405769,28434.5819296462,29028.8354314198,"FALSE","FALSE",1,"cohort_1",180,FALSE,"overall",TRUE,9,5,"Denominator cohort 9","60 to 99","Both",365,2008-01-01,2012-01-01,NA,NA,FALSE,"IPCI"
"19",89281,13806363,10387,2008-01-01,2008-12-31,37799.7618069815,27479.0091351357,26953.0690599023,28012.6315554549,"FALSE","FALSE",1,"cohort_1",180,FALSE,"years",TRUE,10,5,"Denominator cohort 10","18 to 99","Female",365,2008-01-01,2012-01-01,NA,NA,FALSE,"IPCI"
"19",86598,13480411,10726,2009-01-01,2009-12-31,36907.3538672142,29061.9588675746,28514.540552898,29617.2448700948,"FALSE","FALSE",1,"cohort_1",180,FALSE,"years",TRUE,10,5,"Denominator cohort 10","18 to 99","Female",365,2008-01-01,2012-01-01,NA,NA,FALSE,"IPCI"
"19",87018,13594635,11018,2010-01-01,2010-12-31,37220.0821355236,29602.2989951551,29052.1065207185,30160.2927138157,"FALSE","FALSE",1,"cohort_1",180,FALSE,"years",TRUE,10,5,"Denominator cohort 10","18 to 99","Female",365,2008-01-01,2012-01-01,NA,NA,FALSE,"IPCI"
"19",88855,13894601,10931,2011-01-01,2011-12-31,38041.3442847365,28734.5260939843,28198.3509521017,29278.3341587876,"FALSE","FALSE",1,"cohort_1",180,FALSE,"years",TRUE,10,5,"Denominator cohort 10","18 to 99","Female",365,2008-01-01,2012-01-01,NA,NA,FALSE,"IPCI"
"2",75619,16773337,13276,2008-01-01,2012-01-01,45922.893908282,28909.3279411247,28419.6344976716,29405.3424163539,"FALSE","FALSE",1,"cohort_1",180,FALSE,"overall",TRUE,1,5,"Denominator cohort 1","18 to 39","Female",365,2008-01-01,2012-01-01,NA,NA,FALSE,"IPCI"
"20",240398,54814090,43100,2008-01-01,2012-01-01,150072.79945243,28719.394958486,28448.8921632735,28991.8294982388,"FALSE","FALSE",1,"cohort_1",180,FALSE,"overall",TRUE,10,5,"Denominator cohort 10","18 to 99","Female",365,2008-01-01,2012-01-01,NA,NA,FALSE,"IPCI"
"21",88735,13725829,10423,2008-01-01,2008-12-31,37579.2717316906,27736.0351057849,27206.0888111714,28273.708776252,"FALSE","FALSE",1,"cohort_1",180,FALSE,"years",TRUE,11,5,"Denominator cohort 11","18 to 99","Male",365,2008-01-01,2012-01-01,NA,NA,FALSE,"IPCI"
"21",86192,13506646,10798,2009-01-01,2009-12-31,36979.1813826146,29200.2137318177,28652.0194169107,29756.2603673313,"FALSE","FALSE",1,"cohort_1",180,FALSE,"years",TRUE,11,5,"Denominator cohort 11","18 to 99","Male",365,2008-01-01,2012-01-01,NA,NA,FALSE,"IPCI"
"21",87059,13611735,10573,2010-01-01,2010-12-31,37266.8993839836,28371.0214017537,27832.7832712922,28917.0514963251,"FALSE","FALSE",1,"cohort_1",180,FALSE,"years",TRUE,11,5,"Denominator cohort 11","18 to 99","Male",365,2008-01-01,2012-01-01,NA,NA,FALSE,"IPCI"
"21",88709,13877348,11049,2011-01-01,2011-12-31,37994.1081451061,29080.8247368301,28541.079708448,29628.2120460249,"FALSE","FALSE",1,"cohort_1",180,FALSE,"years",TRUE,11,5,"Denominator cohort 11","18 to 99","Male",365,2008-01-01,2012-01-01,NA,NA,FALSE,"IPCI"
"22",239459,54760028,42868,2008-01-01,2012-01-01,149924.785763176,28593.004006499,28322.9655996336,28864.9760735221,"FALSE","FALSE",1,"cohort_1",180,FALSE,"overall",TRUE,11,5,"Denominator cohort 11","18 to 99","Male",365,2008-01-01,2012-01-01,NA,NA,FALSE,"IPCI"
"23",178016,27532192,20810,2008-01-01,2008-12-31,75379.0335386721,27607.1462090632,27233.3159645059,27984.8251267411,"FALSE","FALSE",1,"cohort_1",180,FALSE,"years",TRUE,12,5,"Denominator cohort 12","18 to 99","Both",365,2008-01-01,2012-01-01,NA,NA,FALSE,"IPCI"
"23",172790,26987057,21524,2009-01-01,2009-12-31,73886.5352498289,29131.1535007318,28743.2625700204,29522.9706937686,"FALSE","FALSE",1,"cohort_1",180,FALSE,"years",TRUE,12,5,"Denominator cohort 12","18 to 99","Both",365,2008-01-01,2012-01-01,NA,NA,FALSE,"IPCI"
"23",174077,27206370,21591,2010-01-01,2010-12-31,74486.9815195072,28986.2732514481,28600.9087796896,29375.5323216795,"FALSE","FALSE",1,"cohort_1",180,FALSE,"years",TRUE,12,5,"Denominator cohort 12","18 to 99","Both",365,2008-01-01,2012-01-01,NA,NA,FALSE,"IPCI"
"23",177564,27771949,21980,2011-01-01,2011-12-31,76035.4524298426,28907.567848407,28526.6545389353,29292.2963645817,"FALSE","FALSE",1,"cohort_1",180,FALSE,"years",TRUE,12,5,"Denominator cohort 12","18 to 99","Both",365,2008-01-01,2012-01-01,NA,NA,FALSE,"IPCI"
"24",479857,109574118,85968,2008-01-01,2012-01-01,299997.585215606,28656.230662062,28464.9892613188,28848.4379527874,"FALSE","FALSE",1,"cohort_1",180,FALSE,"overall",TRUE,12,5,"Denominator cohort 12","18 to 99","Both",365,2008-01-01,2012-01-01,NA,NA,FALSE,"IPCI"
"3",28076,4259059,3217,2008-01-01,2008-12-31,11660.6680355921,27588.4708335808,26643.2740691401,28558.6364988485,"FALSE","FALSE",1,"cohort_1",180,FALSE,"years",TRUE,2,5,"Denominator cohort 2","18 to 39","Male",365,2008-01-01,2012-01-01,NA,NA,FALSE,"IPCI"
"3",26844,4119283,3332,2009-01-01,2009-12-31,11277.9822039699,29544.2920527674,28549.5588991164,30564.8387013196,"FALSE","FALSE",1,"cohort_1",180,FALSE,"years",TRUE,2,5,"Denominator cohort 2","18 to 39","Male",365,2008-01-01,2012-01-01,NA,NA,FALSE,"IPCI"
"3",26638,4111325,3179,2010-01-01,2010-12-31,11256.1943874059,28242.2272625005,27268.9167246307,29241.4048294432,"FALSE","FALSE",1,"cohort_1",180,FALSE,"years",TRUE,2,5,"Denominator cohort 2","18 to 39","Male",365,2008-01-01,2012-01-01,NA,NA,FALSE,"IPCI"
"3",26903,4140537,3217,2011-01-01,2011-12-31,11336.1724845996,28378.1850035394,27405.93218069,29376.1214567456,"FALSE","FALSE",1,"cohort_1",180,FALSE,"years",TRUE,2,5,"Denominator cohort 2","18 to 39","Male",365,2008-01-01,2012-01-01,NA,NA,FALSE,"IPCI"
"4",74695,16641618,12953,2008-01-01,2012-01-01,45562.2669404517,28429.2263528703,27941.7236407415,28923.1003587094,"FALSE","FALSE",1,"cohort_1",180,FALSE,"overall",TRUE,2,5,"Denominator cohort 2","18 to 39","Male",365,2008-01-01,2012-01-01,NA,NA,FALSE,"IPCI"
"5",56399,8569723,6500,2008-01-01,2008-12-31,23462.6228610541,27703.6375621476,27034.1980292524,28385.4646265716,"FALSE","FALSE",1,"cohort_1",180,FALSE,"years",TRUE,3,5,"Denominator cohort 3","18 to 39","Both",365,2008-01-01,2012-01-01,NA,NA,FALSE,"IPCI"
"5",53986,8295551,6657,2009-01-01,2009-12-31,22711.9808350445,29310.5213867048,28610.6041228757,30023.2349633699,"FALSE","FALSE",1,"cohort_1",180,FALSE,"years",TRUE,3,5,"Denominator cohort 3","18 to 39","Both",365,2008-01-01,2012-01-01,NA,NA,FALSE,"IPCI"
"5",53679,8237434,6620,2010-01-01,2010-12-31,22552.8651608487,29353.2549092351,28650.3728497094,30069.0237106452,"FALSE","FALSE",1,"cohort_1",180,FALSE,"years",TRUE,3,5,"Denominator cohort 3","18 to 39","Both",365,2008-01-01,2012-01-01,NA,NA,FALSE,"IPCI"
"5",54054,8289442,6433,2011-01-01,2011-12-31,22695.2553045859,28345.1316747255,27656.6549284037,29046.4150745829,"FALSE","FALSE",1,"cohort_1",180,FALSE,"years",TRUE,3,5,"Denominator cohort 3","18 to 39","Both",365,2008-01-01,2012-01-01,NA,NA,FALSE,"IPCI"
"6",150314,33414955,26229,2008-01-01,2012-01-01,91485.1608487338,28670.2234074533,28324.292768665,29019.324343615,"FALSE","FALSE",1,"cohort_1",180,FALSE,"overall",TRUE,3,5,"Denominator cohort 3","18 to 39","Both",365,2008-01-01,2012-01-01,NA,NA,FALSE,"IPCI"
"7",25894,3932356,2941,2008-01-01,2008-12-31,10766.2039698836,27316.963418368,26338.5268025939,28322.4506928571,"FALSE","FALSE",1,"cohort_1",180,FALSE,"years",TRUE,4,5,"Denominator cohort 4","40 to 59","Female",365,2008-01-01,2012-01-01,NA,NA,FALSE,"IPCI"
"7",24561,3740178,2935,2009-01-01,2009-12-31,10240.0492813142,28661.9714355841,27634.3201301167,29718.0634973019,"FALSE","FALSE",1,"cohort_1",180,FALSE,"years",TRUE,4,5,"Denominator cohort 4","40 to 59","Female",365,2008-01-01,2012-01-01,NA,NA,FALSE,"IPCI"
"7",24352,3747013,2909,2010-01-01,2010-12-31,10258.7624914442,28356.2466957013,27335.0647879999,29405.8182623711,"FALSE","FALSE",1,"cohort_1",180,FALSE,"years",TRUE,4,5,"Denominator cohort 4","40 to 59","Female",365,2008-01-01,2012-01-01,NA,NA,FALSE,"IPCI"
"7",24761,3811789,2967,2011-01-01,2011-12-31,10436.1095140315,28430.1347739867,27416.257955577,29471.9171079208,"FALSE","FALSE",1,"cohort_1",180,FALSE,"years",TRUE,4,5,"Denominator cohort 4","40 to 59","Female",365,2008-01-01,2012-01-01,NA,NA,FALSE,"IPCI"
"8",68726,15241775,11759,2008-01-01,2012-01-01,41729.7056810404,28178.9670166368,27671.9237795966,28692.9677227158,"FALSE","FALSE",1,"cohort_1",180,FALSE,"overall",TRUE,4,5,"Denominator cohort 4","40 to 59","Female",365,2008-01-01,2012-01-01,NA,NA,FALSE,"IPCI"
"9",25721,3934333,3016,2008-01-01,2008-12-31,10771.6167008898,27999.5109717454,27009.0628284691,29016.9940928173,"FALSE","FALSE",1,"cohort_1",180,FALSE,"years",TRUE,5,5,"Denominator cohort 5","40 to 59","Male",365,2008-01-01,2012-01-01,NA,NA,FALSE,"IPCI"
"9",24620,3780176,2932,2009-01-01,2009-12-31,10349.5578370979,28329.712690626,27313.4594422626,29374.1058528364,"FALSE","FALSE",1,"cohort_1",180,FALSE,"years",TRUE,5,5,"Denominator cohort 5","40 to 59","Male",365,2008-01-01,2012-01-01,NA,NA,FALSE,"IPCI"
"9",24435,3738506,2923,2010-01-01,2010-12-31,10235.4715947981,28557.5507970296,27531.5628621964,29611.9925683602,"FALSE","FALSE",1,"cohort_1",180,FALSE,"years",TRUE,5,5,"Denominator cohort 5","40 to 59","Male",365,2008-01-01,2012-01-01,NA,NA,FALSE,"IPCI"
"9",24579,3766932,3089,2011-01-01,2011-12-31,10313.2977412731,29951.6224343843,28904.6036122979,31026.8756122004,"FALSE","FALSE",1,"cohort_1",180,FALSE,"years",TRUE,5,5,"Denominator cohort 5","40 to 59","Male",365,2008-01-01,2012-01-01,NA,NA,FALSE,"IPCI"
