"analysis_id","prevalence_start_date","prevalence_end_date","n_cases","n_population","prevalence","prevalence_95CI_lower","prevalence_95CI_upper","cohort_obscured","result_obscured","outcome_cohort_id","outcome_cohort_name","analysis_outcome_lookback_days","analysis_type","analysis_interval","analysis_complete_database_intervals","analysis_time_point","analysis_full_contribution","analysis_min_cell_count","denominator_cohort_id","denominator_cohort_name","denominator_age_group","denominator_sex","denominator_days_prior_history","denominator_start_date","denominator_end_date","denominator_strata_cohort_definition_id","denominator_strata_cohort_name","denominator_closed_cohort","cdm_name"
"1",2008-01-01,2008-01-01,50,13533,0.00369467228256854,0.002803801016114,0.00486722469077498,"FALSE","FALSE",1,"cohort_1",0,"point","years",FALSE,"start",FALSE,5,1,"Denominator cohort 1","18 to 39","Female",365,2008-01-01,2012-01-01,NA,NA,FALSE,"IPCI"
"1",2009-01-01,2009-01-01,55,13567,0.00405395444829365,0.00311610240341496,0.0052725785170817,"FALSE","FALSE",1,"cohort_1",0,"point","years",FALSE,"start",FALSE,5,1,"Denominator cohort 1","18 to 39","Female",365,2008-01-01,2012-01-01,NA,NA,FALSE,"IPCI"
"1",2010-01-01,2010-01-01,54,13603,0.00396971256340513,0.00304397241333103,0.00517552945704554,"FALSE","FALSE",1,"cohort_1",0,"point","years",FALSE,"start",FALSE,5,1,"Denominator cohort 1","18 to 39","Female",365,2008-01-01,2012-01-01,NA,NA,FALSE,"IPCI"
"1",2011-01-01,2011-01-01,51,13642,0.00373845477202756,0.00284471720134716,0.00491159882651333,"FALSE","FALSE",1,"cohort_1",0,"point","years",FALSE,"start",FALSE,5,1,"Denominator cohort 1","18 to 39","Female",365,2008-01-01,2012-01-01,NA,NA,FALSE,"IPCI"
"1",2012-01-01,2012-01-01,45,13581,0.00331345261762757,0.00247738674544651,0.00443041995256707,"FALSE","FALSE",1,"cohort_1",0,"point","years",FALSE,"start",FALSE,5,1,"Denominator cohort 1","18 to 39","Female",365,2008-01-01,2012-01-01,NA,NA,FALSE,"IPCI"
"10",2008-01-01,2008-01-01,179,43215,0.00414208029619345,0.00357904473948801,0.00479326341609871,"FALSE","FALSE",1,"cohort_1",0,"point","years",FALSE,"start",FALSE,5,10,"Denominator cohort 10","18 to 99","Female",365,2008-01-01,2012-01-01,NA,NA,FALSE,"IPCI"
"10",2009-01-01,2009-01-01,174,43809,0.00397178661918784,0.00342472723953085,0.00460582834886637,"FALSE","FALSE",1,"cohort_1",0,"point","years",FALSE,"start",FALSE,5,10,"Denominator cohort 10","18 to 99","Female",365,2008-01-01,2012-01-01,NA,NA,FALSE,"IPCI"
"10",2010-01-01,2010-01-01,179,44528,0.0040199425080848,0.00347348238359401,0.00465197227911727,"FALSE","FALSE",1,"cohort_1",0,"point","years",FALSE,"start",FALSE,5,10,"Denominator cohort 10","18 to 99","Female",365,2008-01-01,2012-01-01,NA,NA,FALSE,"IPCI"
"10",2011-01-01,2011-01-01,168,45259,0.00371196889016549,0.00319227073988823,0.00431590700299333,"FALSE","FALSE",1,"cohort_1",0,"point","years",FALSE,"start",FALSE,5,10,"Denominator cohort 10","18 to 99","Female",365,2008-01-01,2012-01-01,NA,NA,FALSE,"IPCI"
"10",2012-01-01,2012-01-01,170,45673,0.00372211153197732,0.00320384049130305,0.0043238573056359,"FALSE","FALSE",1,"cohort_1",0,"point","years",FALSE,"start",FALSE,5,10,"Denominator cohort 10","18 to 99","Female",365,2008-01-01,2012-01-01,NA,NA,FALSE,"IPCI"
"11",2008-01-01,2008-01-01,169,42792,0.00394933632454664,0.00339797327126136,0.00458975280604041,"FALSE","FALSE",1,"cohort_1",0,"point","years",FALSE,"start",FALSE,5,11,"Denominator cohort 11","18 to 99","Male",365,2008-01-01,2012-01-01,NA,NA,FALSE,"IPCI"
"11",2009-01-01,2009-01-01,159,43857,0.00362541897530611,0.00310474445541375,0.00423304132607563,"FALSE","FALSE",1,"cohort_1",0,"point","years",FALSE,"start",FALSE,5,11,"Denominator cohort 11","18 to 99","Male",365,2008-01-01,2012-01-01,NA,NA,FALSE,"IPCI"
"11",2010-01-01,2010-01-01,190,44512,0.00426851186196981,0.00370416168863421,0.00491841953732703,"FALSE","FALSE",1,"cohort_1",0,"point","years",FALSE,"start",FALSE,5,11,"Denominator cohort 11","18 to 99","Male",365,2008-01-01,2012-01-01,NA,NA,FALSE,"IPCI"
"11",2011-01-01,2011-01-01,155,44978,0.00344612921872916,0.0029453184716205,0.0040317515780351,"FALSE","FALSE",1,"cohort_1",0,"point","years",FALSE,"start",FALSE,5,11,"Denominator cohort 11","18 to 99","Male",365,2008-01-01,2012-01-01,NA,NA,FALSE,"IPCI"
"11",2012-01-01,2012-01-01,197,46023,0.00428046846142146,0.00372398241692392,0.00491970127309498,"FALSE","FALSE",1,"cohort_1",0,"point","years",FALSE,"start",FALSE,5,11,"Denominator cohort 11","18 to 99","Male",365,2008-01-01,2012-01-01,NA,NA,FALSE,"IPCI"
"12",2008-01-01,2008-01-01,348,86007,0.00404618228748823,0.00364351280387139,0.0044931528414212,"FALSE","FALSE",1,"cohort_1",0,"point","years",FALSE,"start",FALSE,5,12,"Denominator cohort 12","18 to 99","Both",365,2008-01-01,2012-01-01,NA,NA,FALSE,"IPCI"
"12",2009-01-01,2009-01-01,333,87666,0.00379850797344467,0.00341247453225661,0.00422802586873162,"FALSE","FALSE",1,"cohort_1",0,"point","years",FALSE,"start",FALSE,5,12,"Denominator cohort 12","18 to 99","Both",365,2008-01-01,2012-01-01,NA,NA,FALSE,"IPCI"
"12",2010-01-01,2010-01-01,369,89040,0.00414420485175202,0.00374310088888887,0.00458809244988647,"FALSE","FALSE",1,"cohort_1",0,"point","years",FALSE,"start",FALSE,5,12,"Denominator cohort 12","18 to 99","Both",365,2008-01-01,2012-01-01,NA,NA,FALSE,"IPCI"
"12",2011-01-01,2011-01-01,323,90237,0.00357946296973525,0.00321037056788009,0.0039908195841115,"FALSE","FALSE",1,"cohort_1",0,"point","years",FALSE,"start",FALSE,5,12,"Denominator cohort 12","18 to 99","Both",365,2008-01-01,2012-01-01,NA,NA,FALSE,"IPCI"
"12",2012-01-01,2012-01-01,367,91696,0.00400235560984121,0.00361395654429801,0.00443231100734257,"FALSE","FALSE",1,"cohort_1",0,"point","years",FALSE,"start",FALSE,5,12,"Denominator cohort 12","18 to 99","Both",365,2008-01-01,2012-01-01,NA,NA,FALSE,"IPCI"
"2",2008-01-01,2008-01-01,53,13479,0.00393204243638252,0.00300760859615622,0.00513915031636025,"FALSE","FALSE",1,"cohort_1",0,"point","years",FALSE,"start",FALSE,5,2,"Denominator cohort 2","18 to 39","Male",365,2008-01-01,2012-01-01,NA,NA,FALSE,"IPCI"
"2",2009-01-01,2009-01-01,55,13551,0.00405874105232086,0.00311978316910745,0.00527879966688823,"FALSE","FALSE",1,"cohort_1",0,"point","years",FALSE,"start",FALSE,5,2,"Denominator cohort 2","18 to 39","Male",365,2008-01-01,2012-01-01,NA,NA,FALSE,"IPCI"
"2",2010-01-01,2010-01-01,69,13515,0.0051054384017758,0.00403647482635988,0.00645565641526707,"FALSE","FALSE",1,"cohort_1",0,"point","years",FALSE,"start",FALSE,5,2,"Denominator cohort 2","18 to 39","Male",365,2008-01-01,2012-01-01,NA,NA,FALSE,"IPCI"
"2",2011-01-01,2011-01-01,51,13432,0.00379690291840381,0.00288920988276332,0.00498833609342923,"FALSE","FALSE",1,"cohort_1",0,"point","years",FALSE,"start",FALSE,5,2,"Denominator cohort 2","18 to 39","Male",365,2008-01-01,2012-01-01,NA,NA,FALSE,"IPCI"
"2",2012-01-01,2012-01-01,53,13598,0.00389763200470657,0.00298127766179768,0.00509420676089883,"FALSE","FALSE",1,"cohort_1",0,"point","years",FALSE,"start",FALSE,5,2,"Denominator cohort 2","18 to 39","Male",365,2008-01-01,2012-01-01,NA,NA,FALSE,"IPCI"
"3",2008-01-01,2008-01-01,103,27012,0.00381312009477269,0.00314535950575053,0.00462198911230189,"FALSE","FALSE",1,"cohort_1",0,"point","years",FALSE,"start",FALSE,5,3,"Denominator cohort 3","18 to 39","Both",365,2008-01-01,2012-01-01,NA,NA,FALSE,"IPCI"
"3",2009-01-01,2009-01-01,110,27118,0.00405634633822553,0.00336689775896887,0.00488628295372553,"FALSE","FALSE",1,"cohort_1",0,"point","years",FALSE,"start",FALSE,5,3,"Denominator cohort 3","18 to 39","Both",365,2008-01-01,2012-01-01,NA,NA,FALSE,"IPCI"
"3",2010-01-01,2010-01-01,123,27118,0.00453573272365219,0.00380313938019136,0.00540867830556683,"FALSE","FALSE",1,"cohort_1",0,"point","years",FALSE,"start",FALSE,5,3,"Denominator cohort 3","18 to 39","Both",365,2008-01-01,2012-01-01,NA,NA,FALSE,"IPCI"
"3",2011-01-01,2011-01-01,102,27074,0.00376745216813179,0.00310476162858812,0.00457094099847594,"FALSE","FALSE",1,"cohort_1",0,"point","years",FALSE,"start",FALSE,5,3,"Denominator cohort 3","18 to 39","Both",365,2008-01-01,2012-01-01,NA,NA,FALSE,"IPCI"
"3",2012-01-01,2012-01-01,98,27179,0.00360572500827845,0.00295988480671769,0.00439186534506221,"FALSE","FALSE",1,"cohort_1",0,"point","years",FALSE,"start",FALSE,5,3,"Denominator cohort 3","18 to 39","Both",365,2008-01-01,2012-01-01,NA,NA,FALSE,"IPCI"
"4",2008-01-01,2008-01-01,58,12536,0.00462667517549458,0.00358101058970703,0.00597584538923328,"FALSE","FALSE",1,"cohort_1",0,"point","years",FALSE,"start",FALSE,5,4,"Denominator cohort 4","40 to 59","Female",365,2008-01-01,2012-01-01,NA,NA,FALSE,"IPCI"
"4",2009-01-01,2009-01-01,57,12279,0.00464207182995358,0.00358494312197667,0.00600904693445839,"FALSE","FALSE",1,"cohort_1",0,"point","years",FALSE,"start",FALSE,5,4,"Denominator cohort 4","40 to 59","Female",365,2008-01-01,2012-01-01,NA,NA,FALSE,"IPCI"
"4",2010-01-01,2010-01-01,49,12181,0.00402265823823988,0.00304431870364714,0.00531372675512002,"FALSE","FALSE",1,"cohort_1",0,"point","years",FALSE,"start",FALSE,5,4,"Denominator cohort 4","40 to 59","Female",365,2008-01-01,2012-01-01,NA,NA,FALSE,"IPCI"
"4",2011-01-01,2011-01-01,44,12365,0.0035584310553983,0.00265195296785537,0.00477327429586693,"FALSE","FALSE",1,"cohort_1",0,"point","years",FALSE,"start",FALSE,5,4,"Denominator cohort 4","40 to 59","Female",365,2008-01-01,2012-01-01,NA,NA,FALSE,"IPCI"
"4",2012-01-01,2012-01-01,48,12513,0.00383601054902901,0.00289468743692135,0.00508188230306966,"FALSE","FALSE",1,"cohort_1",0,"point","years",FALSE,"start",FALSE,5,4,"Denominator cohort 4","40 to 59","Female",365,2008-01-01,2012-01-01,NA,NA,FALSE,"IPCI"
"5",2008-01-01,2008-01-01,48,12283,0.00390784010420907,0.0029489130825377,0.00517697176389028,"FALSE","FALSE",1,"cohort_1",0,"point","years",FALSE,"start",FALSE,5,5,"Denominator cohort 5","40 to 59","Male",365,2008-01-01,2012-01-01,NA,NA,FALSE,"IPCI"
"5",2009-01-01,2009-01-01,42,12354,0.00339970859640602,0.00251627094590839,0.0045918845611357,"FALSE","FALSE",1,"cohort_1",0,"point","years",FALSE,"start",FALSE,5,5,"Denominator cohort 5","40 to 59","Male",365,2008-01-01,2012-01-01,NA,NA,FALSE,"IPCI"
"5",2010-01-01,2010-01-01,48,12312,0.00389863547758285,0.00294196426970978,0.0051647866294898,"FALSE","FALSE",1,"cohort_1",0,"point","years",FALSE,"start",FALSE,5,5,"Denominator cohort 5","40 to 59","Male",365,2008-01-01,2012-01-01,NA,NA,FALSE,"IPCI"
"5",2011-01-01,2011-01-01,45,12370,0.00363783346806791,0.00272001382408668,0.00486384436037383,"FALSE","FALSE",1,"cohort_1",0,"point","years",FALSE,"start",FALSE,5,5,"Denominator cohort 5","40 to 59","Male",365,2008-01-01,2012-01-01,NA,NA,FALSE,"IPCI"
"5",2012-01-01,2012-01-01,57,12424,0.00458789439793947,0.00354308427082505,0.00593896932723206,"FALSE","FALSE",1,"cohort_1",0,"point","years",FALSE,"start",FALSE,5,5,"Denominator cohort 5","40 to 59","Male",365,2008-01-01,2012-01-01,NA,NA,FALSE,"IPCI"
"6",2008-01-01,2008-01-01,106,24819,0.00427092147145332,0.00353277053258639,0.00516250551704554,"FALSE","FALSE",1,"cohort_1",0,"point","years",FALSE,"start",FALSE,5,6,"Denominator cohort 6","40 to 59","Both",365,2008-01-01,2012-01-01,NA,NA,FALSE,"IPCI"
"6",2009-01-01,2009-01-01,99,24633,0.00401899890390939,0.00330253423513506,0.00489013360981018,"FALSE","FALSE",1,"cohort_1",0,"point","years",FALSE,"start",FALSE,5,6,"Denominator cohort 6","40 to 59","Both",365,2008-01-01,2012-01-01,NA,NA,FALSE,"IPCI"
"6",2010-01-01,2010-01-01,97,24493,0.0039603151920957,0.00324776862947161,0.00482843413949624,"FALSE","FALSE",1,"cohort_1",0,"point","years",FALSE,"start",FALSE,5,6,"Denominator cohort 6","40 to 59","Both",365,2008-01-01,2012-01-01,NA,NA,FALSE,"IPCI"
"6",2011-01-01,2011-01-01,89,24735,0.00359814028704265,0.00292512040417527,0.00442532319373453,"FALSE","FALSE",1,"cohort_1",0,"point","years",FALSE,"start",FALSE,5,6,"Denominator cohort 6","40 to 59","Both",365,2008-01-01,2012-01-01,NA,NA,FALSE,"IPCI"
"6",2012-01-01,2012-01-01,105,24937,0.00421061073906244,0.00347973713971409,0.00509421010155134,"FALSE","FALSE",1,"cohort_1",0,"point","years",FALSE,"start",FALSE,5,6,"Denominator cohort 6","40 to 59","Both",365,2008-01-01,2012-01-01,NA,NA,FALSE,"IPCI"
"7",2008-01-01,2008-01-01,71,17146,0.00414090750029161,0.00328448872898799,0.0052194650347177,"FALSE","FALSE",1,"cohort_1",0,"point","years",FALSE,"start",FALSE,5,7,"Denominator cohort 7","60 to 99","Female",365,2008-01-01,2012-01-01,NA,NA,FALSE,"IPCI"
"7",2009-01-01,2009-01-01,62,17963,0.00345153927517675,0.00269359219653046,0.00442181866261814,"FALSE","FALSE",1,"cohort_1",0,"point","years",FALSE,"start",FALSE,5,7,"Denominator cohort 7","60 to 99","Female",365,2008-01-01,2012-01-01,NA,NA,FALSE,"IPCI"
"7",2010-01-01,2010-01-01,76,18744,0.0040546308151942,0.00324095976466747,0.00507154165918963,"FALSE","FALSE",1,"cohort_1",0,"point","years",FALSE,"start",FALSE,5,7,"Denominator cohort 7","60 to 99","Female",365,2008-01-01,2012-01-01,NA,NA,FALSE,"IPCI"
"7",2011-01-01,2011-01-01,73,19252,0.00379181383752337,0.00301708804671997,0.00476452249162682,"FALSE","FALSE",1,"cohort_1",0,"point","years",FALSE,"start",FALSE,5,7,"Denominator cohort 7","60 to 99","Female",365,2008-01-01,2012-01-01,NA,NA,FALSE,"IPCI"
"7",2012-01-01,2012-01-01,77,19579,0.0039327851269217,0.00314810482622386,0.00491208700817398,"FALSE","FALSE",1,"cohort_1",0,"point","years",FALSE,"start",FALSE,5,7,"Denominator cohort 7","60 to 99","Female",365,2008-01-01,2012-01-01,NA,NA,FALSE,"IPCI"
"8",2008-01-01,2008-01-01,68,17030,0.00399295361127422,0.00315118561840493,0.00505843985913405,"FALSE","FALSE",1,"cohort_1",0,"point","years",FALSE,"start",FALSE,5,8,"Denominator cohort 8","60 to 99","Male",365,2008-01-01,2012-01-01,NA,NA,FALSE,"IPCI"
"8",2009-01-01,2009-01-01,62,17952,0.00345365418894831,0.0026952432322883,0.00442452662722407,"FALSE","FALSE",1,"cohort_1",0,"point","years",FALSE,"start",FALSE,5,8,"Denominator cohort 8","60 to 99","Male",365,2008-01-01,2012-01-01,NA,NA,FALSE,"IPCI"
"8",2010-01-01,2010-01-01,73,18685,0.00390687717420391,0.00310867467054534,0.0049090218330532,"FALSE","FALSE",1,"cohort_1",0,"point","years",FALSE,"start",FALSE,5,8,"Denominator cohort 8","60 to 99","Male",365,2008-01-01,2012-01-01,NA,NA,FALSE,"IPCI"
"8",2011-01-01,2011-01-01,59,19176,0.00307676261994159,0.00238619908446056,0.00396637995443759,"FALSE","FALSE",1,"cohort_1",0,"point","years",FALSE,"start",FALSE,5,8,"Denominator cohort 8","60 to 99","Male",365,2008-01-01,2012-01-01,NA,NA,FALSE,"IPCI"
"8",2012-01-01,2012-01-01,87,20001,0.00434978251087446,0.00352806412031586,0.00536185681141333,"FALSE","FALSE",1,"cohort_1",0,"point","years",FALSE,"start",FALSE,5,8,"Denominator cohort 8","60 to 99","Male",365,2008-01-01,2012-01-01,NA,NA,FALSE,"IPCI"
"9",2008-01-01,2008-01-01,139,34176,0.00406718164794008,0.00344589904766936,0.00479993963359697,"FALSE","FALSE",1,"cohort_1",0,"point","years",FALSE,"start",FALSE,5,9,"Denominator cohort 9","60 to 99","Both",365,2008-01-01,2012-01-01,NA,NA,FALSE,"IPCI"
"9",2009-01-01,2009-01-01,124,35915,0.00345259640818599,0.00289677228093483,0.00411463033096229,"FALSE","FALSE",1,"cohort_1",0,"point","years",FALSE,"start",FALSE,5,9,"Denominator cohort 9","60 to 99","Both",365,2008-01-01,2012-01-01,NA,NA,FALSE,"IPCI"
"9",2010-01-01,2010-01-01,149,37429,0.00398087044804831,0.00339185731049765,0.00467168921863093,"FALSE","FALSE",1,"cohort_1",0,"point","years",FALSE,"start",FALSE,5,9,"Denominator cohort 9","60 to 99","Both",365,2008-01-01,2012-01-01,NA,NA,FALSE,"IPCI"
"9",2011-01-01,2011-01-01,132,38428,0.00343499531591548,0.00289757800246237,0.00407168104560285,"FALSE","FALSE",1,"cohort_1",0,"point","years",FALSE,"start",FALSE,5,9,"Denominator cohort 9","60 to 99","Both",365,2008-01-01,2012-01-01,NA,NA,FALSE,"IPCI"
"9",2012-01-01,2012-01-01,164,39580,0.00414350682162708,0.00355699339669902,0.00482626215887688,"FALSE","FALSE",1,"cohort_1",0,"point","years",FALSE,"start",FALSE,5,9,"Denominator cohort 9","60 to 99","Both",365,2008-01-01,2012-01-01,NA,NA,FALSE,"IPCI"
"1",2008-01-01,2008-12-31,3377,29741,0.11354695538146,0.109991082518651,0.117202646793249,"FALSE","FALSE",1,"cohort_1",0,"period","years",TRUE,"start",FALSE,0,1,"Denominator cohort 1","18 to 39","Female",365,2008-01-01,2012-01-01,NA,NA,FALSE,"IPCI"
"1",2009-01-01,2009-12-31,3433,29804,0.115185881089787,0.111610965101572,0.118859982226544,"FALSE","FALSE",1,"cohort_1",0,"period","years",TRUE,"start",FALSE,0,1,"Denominator cohort 1","18 to 39","Female",365,2008-01-01,2012-01-01,NA,NA,FALSE,"IPCI"
"1",2010-01-01,2010-12-31,3552,29853,0.118983016782233,0.115359220833614,0.122704858001517,"FALSE","FALSE",1,"cohort_1",0,"period","years",TRUE,"start",FALSE,0,1,"Denominator cohort 1","18 to 39","Female",365,2008-01-01,2012-01-01,NA,NA,FALSE,"IPCI"
"1",2011-01-01,2011-12-31,3319,29983,0.110696061101291,0.107194392539707,0.114297473082138,"FALSE","FALSE",1,"cohort_1",0,"period","years",TRUE,"start",FALSE,0,1,"Denominator cohort 1","18 to 39","Female",365,2008-01-01,2012-01-01,NA,NA,FALSE,"IPCI"
"10",2008-01-01,2008-12-31,10719,93718,0.114375040013658,0.112353187912443,0.116428504007703,"FALSE","FALSE",1,"cohort_1",0,"period","years",TRUE,"start",FALSE,0,10,"Denominator cohort 10","18 to 99","Female",365,2008-01-01,2012-01-01,NA,NA,FALSE,"IPCI"
"10",2009-01-01,2009-12-31,11079,95014,0.11660386890353,0.114578607596491,0.11866013071378,"FALSE","FALSE",1,"cohort_1",0,"period","years",TRUE,"start",FALSE,0,10,"Denominator cohort 10","18 to 99","Female",365,2008-01-01,2012-01-01,NA,NA,FALSE,"IPCI"
"10",2010-01-01,2010-12-31,11375,96183,0.118264142312051,0.116238598557172,0.120320177193481,"FALSE","FALSE",1,"cohort_1",0,"period","years",TRUE,"start",FALSE,0,10,"Denominator cohort 10","18 to 99","Female",365,2008-01-01,2012-01-01,NA,NA,FALSE,"IPCI"
"10",2011-01-01,2011-12-31,11267,98208,0.114725887911372,0.112747769943648,0.116734145109036,"FALSE","FALSE",1,"cohort_1",0,"period","years",TRUE,"start",FALSE,0,10,"Denominator cohort 10","18 to 99","Female",365,2008-01-01,2012-01-01,NA,NA,FALSE,"IPCI"
"11",2008-01-01,2008-12-31,10763,93319,0.115335569391014,0.113301950244134,0.117400856509997,"FALSE","FALSE",1,"cohort_1",0,"period","years",TRUE,"start",FALSE,0,11,"Denominator cohort 11","18 to 99","Male",365,2008-01-01,2012-01-01,NA,NA,FALSE,"IPCI"
"11",2009-01-01,2009-12-31,11129,94807,0.117385847036611,0.115352430235594,0.119450268657124,"FALSE","FALSE",1,"cohort_1",0,"period","years",TRUE,"start",FALSE,0,11,"Denominator cohort 11","18 to 99","Male",365,2008-01-01,2012-01-01,NA,NA,FALSE,"IPCI"
"11",2010-01-01,2010-12-31,10953,96201,0.113855365328843,0.111863580156987,0.11587798800722,"FALSE","FALSE",1,"cohort_1",0,"period","years",TRUE,"start",FALSE,0,11,"Denominator cohort 11","18 to 99","Male",365,2008-01-01,2012-01-01,NA,NA,FALSE,"IPCI"
"11",2011-01-01,2011-12-31,11415,97670,0.116873144261288,0.114873374993278,0.11890304986913,"FALSE","FALSE",1,"cohort_1",0,"period","years",TRUE,"start",FALSE,0,11,"Denominator cohort 11","18 to 99","Male",365,2008-01-01,2012-01-01,NA,NA,FALSE,"IPCI"
"12",2008-01-01,2008-12-31,21482,187037,0.114854280169164,0.113417191963463,0.116307188678187,"FALSE","FALSE",1,"cohort_1",0,"period","years",TRUE,"start",FALSE,0,12,"Denominator cohort 12","18 to 99","Both",365,2008-01-01,2012-01-01,NA,NA,FALSE,"IPCI"
"12",2009-01-01,2009-12-31,22208,189821,0.116994431596083,0.115556269550908,0.118448095301713,"FALSE","FALSE",1,"cohort_1",0,"period","years",TRUE,"start",FALSE,0,12,"Denominator cohort 12","18 to 99","Both",365,2008-01-01,2012-01-01,NA,NA,FALSE,"IPCI"
"12",2010-01-01,2010-12-31,22328,192384,0.116059547571524,0.114635957380087,0.117498470243708,"FALSE","FALSE",1,"cohort_1",0,"period","years",TRUE,"start",FALSE,0,12,"Denominator cohort 12","18 to 99","Both",365,2008-01-01,2012-01-01,NA,NA,FALSE,"IPCI"
"12",2011-01-01,2011-12-31,22682,195878,0.115796567251044,0.114387065256157,0.117221138551536,"FALSE","FALSE",1,"cohort_1",0,"period","years",TRUE,"start",FALSE,0,12,"Denominator cohort 12","18 to 99","Both",365,2008-01-01,2012-01-01,NA,NA,FALSE,"IPCI"
"2",2008-01-01,2008-12-31,3329,29583,0.112530845417977,0.108979900478813,0.116182405815109,"FALSE","FALSE",1,"cohort_1",0,"period","years",TRUE,"start",FALSE,0,2,"Denominator cohort 2","18 to 39","Male",365,2008-01-01,2012-01-01,NA,NA,FALSE,"IPCI"
"2",2009-01-01,2009-12-31,3448,29538,0.116730990588395,0.113118906554199,0.120442751016761,"FALSE","FALSE",1,"cohort_1",0,"period","years",TRUE,"start",FALSE,0,2,"Denominator cohort 2","18 to 39","Male",365,2008-01-01,2012-01-01,NA,NA,FALSE,"IPCI"
"2",2010-01-01,2010-12-31,3307,29428,0.112375968465407,0.108818006496758,0.116035116203023,"FALSE","FALSE",1,"cohort_1",0,"period","years",TRUE,"start",FALSE,0,2,"Denominator cohort 2","18 to 39","Male",365,2008-01-01,2012-01-01,NA,NA,FALSE,"IPCI"
"2",2011-01-01,2011-12-31,3341,29659,0.112647088573452,0.109098996018834,0.11629550868842,"FALSE","FALSE",1,"cohort_1",0,"period","years",TRUE,"start",FALSE,0,2,"Denominator cohort 2","18 to 39","Male",365,2008-01-01,2012-01-01,NA,NA,FALSE,"IPCI"
"3",2008-01-01,2008-12-31,6706,59324,0.113040253523026,0.110517256781969,0.115613361304526,"FALSE","FALSE",1,"cohort_1",0,"period","years",TRUE,"start",FALSE,0,3,"Denominator cohort 3","18 to 39","Both",365,2008-01-01,2012-01-01,NA,NA,FALSE,"IPCI"
"3",2009-01-01,2009-12-31,6881,59342,0.115954972869131,0.113403777602429,0.118555886637443,"FALSE","FALSE",1,"cohort_1",0,"period","years",TRUE,"start",FALSE,0,3,"Denominator cohort 3","18 to 39","Both",365,2008-01-01,2012-01-01,NA,NA,FALSE,"IPCI"
"3",2010-01-01,2010-12-31,6859,59281,0.115703176397159,0.113153130855788,0.118303024228171,"FALSE","FALSE",1,"cohort_1",0,"period","years",TRUE,"start",FALSE,0,3,"Denominator cohort 3","18 to 39","Both",365,2008-01-01,2012-01-01,NA,NA,FALSE,"IPCI"
"3",2011-01-01,2011-12-31,6660,59642,0.111666275443479,0.109163569412126,0.11421900233044,"FALSE","FALSE",1,"cohort_1",0,"period","years",TRUE,"start",FALSE,0,3,"Denominator cohort 3","18 to 39","Both",365,2008-01-01,2012-01-01,NA,NA,FALSE,"IPCI"
"4",2008-01-01,2008-12-31,3038,27149,0.111900990828391,0.108205867959575,0.115705926614161,"FALSE","FALSE",1,"cohort_1",0,"period","years",TRUE,"start",FALSE,0,4,"Denominator cohort 4","40 to 59","Female",365,2008-01-01,2012-01-01,NA,NA,FALSE,"IPCI"
"4",2009-01-01,2009-12-31,3041,26917,0.112976929078278,0.109250234419903,0.11681407594461,"FALSE","FALSE",1,"cohort_1",0,"period","years",TRUE,"start",FALSE,0,4,"Denominator cohort 4","40 to 59","Female",365,2008-01-01,2012-01-01,NA,NA,FALSE,"IPCI"
"4",2010-01-01,2010-12-31,2992,26830,0.111516958628401,0.107805976789814,0.115339168790988,"FALSE","FALSE",1,"cohort_1",0,"period","years",TRUE,"start",FALSE,0,4,"Denominator cohort 4","40 to 59","Female",365,2008-01-01,2012-01-01,NA,NA,FALSE,"IPCI"
"4",2011-01-01,2011-12-31,3068,27292,0.112413894181445,0.108720772920459,0.116216108695133,"FALSE","FALSE",1,"cohort_1",0,"period","years",TRUE,"start",FALSE,0,4,"Denominator cohort 4","40 to 59","Female",365,2008-01-01,2012-01-01,NA,NA,FALSE,"IPCI"
"5",2008-01-01,2008-12-31,3117,27071,0.115141664511839,0.111393823486372,0.118998715221863,"FALSE","FALSE",1,"cohort_1",0,"period","years",TRUE,"start",FALSE,0,5,"Denominator cohort 5","40 to 59","Male",365,2008-01-01,2012-01-01,NA,NA,FALSE,"IPCI"
"5",2009-01-01,2009-12-31,3012,27066,0.111283529150964,0.107591987709625,0.115085395458296,"FALSE","FALSE",1,"cohort_1",0,"period","years",TRUE,"start",FALSE,0,5,"Denominator cohort 5","40 to 59","Male",365,2008-01-01,2012-01-01,NA,NA,FALSE,"IPCI"
"5",2010-01-01,2010-12-31,3020,26983,0.111922321461661,0.108215701799552,0.115739423443356,"FALSE","FALSE",1,"cohort_1",0,"period","years",TRUE,"start",FALSE,0,5,"Denominator cohort 5","40 to 59","Male",365,2008-01-01,2012-01-01,NA,NA,FALSE,"IPCI"
"5",2011-01-01,2011-12-31,3192,27065,0.117938296693146,0.114149843992068,0.121835189521035,"FALSE","FALSE",1,"cohort_1",0,"period","years",TRUE,"start",FALSE,0,5,"Denominator cohort 5","40 to 59","Male",365,2008-01-01,2012-01-01,NA,NA,FALSE,"IPCI"
"6",2008-01-01,2008-12-31,6155,54220,0.113518996680192,0.110876170693539,0.116216582743567,"FALSE","FALSE",1,"cohort_1",0,"period","years",TRUE,"start",FALSE,0,6,"Denominator cohort 6","40 to 59","Both",365,2008-01-01,2012-01-01,NA,NA,FALSE,"IPCI"
"6",2009-01-01,2009-12-31,6053,53983,0.112127892114184,0.109493788819782,0.114817193849164,"FALSE","FALSE",1,"cohort_1",0,"period","years",TRUE,"start",FALSE,0,6,"Denominator cohort 6","40 to 59","Both",365,2008-01-01,2012-01-01,NA,NA,FALSE,"IPCI"
"6",2010-01-01,2010-12-31,6012,53813,0.11172021630461,0.109086267336518,0.114409596277554,"FALSE","FALSE",1,"cohort_1",0,"period","years",TRUE,"start",FALSE,0,6,"Denominator cohort 6","40 to 59","Both",365,2008-01-01,2012-01-01,NA,NA,FALSE,"IPCI"
"6",2011-01-01,2011-12-31,6260,54357,0.115164560222234,0.112508153711805,0.117875356232715,"FALSE","FALSE",1,"cohort_1",0,"period","years",TRUE,"start",FALSE,0,6,"Denominator cohort 6","40 to 59","Both",365,2008-01-01,2012-01-01,NA,NA,FALSE,"IPCI"
"7",2008-01-01,2008-12-31,4311,38028,0.11336383717261,0.110216367161293,0.116589412626162,"FALSE","FALSE",1,"cohort_1",0,"period","years",TRUE,"start",FALSE,0,7,"Denominator cohort 7","60 to 99","Female",365,2008-01-01,2012-01-01,NA,NA,FALSE,"IPCI"
"7",2009-01-01,2009-12-31,4609,39528,0.116600890507994,0.113474164218202,0.119802129486124,"FALSE","FALSE",1,"cohort_1",0,"period","years",TRUE,"start",FALSE,0,7,"Denominator cohort 7","60 to 99","Female",365,2008-01-01,2012-01-01,NA,NA,FALSE,"IPCI"
"7",2010-01-01,2010-12-31,4835,40771,0.118589193299159,0.115486843152657,0.121763410011184,"FALSE","FALSE",1,"cohort_1",0,"period","years",TRUE,"start",FALSE,0,7,"Denominator cohort 7","60 to 99","Female",365,2008-01-01,2012-01-01,NA,NA,FALSE,"IPCI"
"7",2011-01-01,2011-12-31,4883,42162,0.115815189032778,0.112795616682457,0.118904762601138,"FALSE","FALSE",1,"cohort_1",0,"period","years",TRUE,"start",FALSE,0,7,"Denominator cohort 7","60 to 99","Female",365,2008-01-01,2012-01-01,NA,NA,FALSE,"IPCI"
"8",2008-01-01,2008-12-31,4320,37931,0.113891012628193,0.110733059583279,0.117127164063729,"FALSE","FALSE",1,"cohort_1",0,"period","years",TRUE,"start",FALSE,0,8,"Denominator cohort 8","60 to 99","Male",365,2008-01-01,2012-01-01,NA,NA,FALSE,"IPCI"
"8",2009-01-01,2009-12-31,4670,39430,0.118437737763125,0.115285466635824,0.121664348881848,"FALSE","FALSE",1,"cohort_1",0,"period","years",TRUE,"start",FALSE,0,8,"Denominator cohort 8","60 to 99","Male",365,2008-01-01,2012-01-01,NA,NA,FALSE,"IPCI"
"8",2010-01-01,2010-12-31,4628,40967,0.112968975028682,0.109939842699984,0.116070684033465,"FALSE","FALSE",1,"cohort_1",0,"period","years",TRUE,"start",FALSE,0,8,"Denominator cohort 8","60 to 99","Male",365,2008-01-01,2012-01-01,NA,NA,FALSE,"IPCI"
"8",2011-01-01,2011-12-31,4889,42157,0.115971250326162,0.112949699488284,0.119062782244909,"FALSE","FALSE",1,"cohort_1",0,"period","years",TRUE,"start",FALSE,0,8,"Denominator cohort 8","60 to 99","Male",365,2008-01-01,2012-01-01,NA,NA,FALSE,"IPCI"
"9",2008-01-01,2008-12-31,8631,75959,0.113627088297634,0.111389724012224,0.115903530521712,"FALSE","FALSE",1,"cohort_1",0,"period","years",TRUE,"start",FALSE,0,9,"Denominator cohort 9","60 to 99","Both",365,2008-01-01,2012-01-01,NA,NA,FALSE,"IPCI"
"9",2009-01-01,2009-12-31,9279,78958,0.117518174219205,0.115290523147574,0.119783040435678,"FALSE","FALSE",1,"cohort_1",0,"period","years",TRUE,"start",FALSE,0,9,"Denominator cohort 9","60 to 99","Both",365,2008-01-01,2012-01-01,NA,NA,FALSE,"IPCI"
"9",2010-01-01,2010-12-31,9463,81738,0.115772345787761,0.113596966091721,0.117983839050245,"FALSE","FALSE",1,"cohort_1",0,"period","years",TRUE,"start",FALSE,0,9,"Denominator cohort 9","60 to 99","Both",365,2008-01-01,2012-01-01,NA,NA,FALSE,"IPCI"
"9",2011-01-01,2011-12-31,9772,84319,0.115893215052361,0.113750129983968,0.118071297290479,"FALSE","FALSE",1,"cohort_1",0,"period","years",TRUE,"start",FALSE,0,9,"Denominator cohort 9","60 to 99","Both",365,2008-01-01,2012-01-01,NA,NA,FALSE,"IPCI"
