"analysis_id","number_records","number_subjects","reason_id","reason","excluded_records","excluded_subjects","outcome_cohort_id","outcome_cohort_name","analysis_outcome_washout","analysis_repeated_events","analysis_interval","analysis_complete_database_intervals","denominator_cohort_id","analysis_min_cell_count","denominator_cohort_name","denominator_age_group","denominator_sex","denominator_days_prior_history","denominator_start_date","denominator_end_date","denominator_strata_cohort_definition_id","denominator_strata_cohort_name","denominator_closed_cohort","cdm_name"
"1",2674547,2674547,1,"Starting population",NA,NA,1,"cohort_1",180,FALSE,"years",TRUE,1,5,"Denominator cohort 1","18 to 39","Female",365,2008-01-01,2012-01-01,NA,NA,FALSE,"IPCI"
"1",2674547,2674547,2,"Missing year of birth",0,0,1,"cohort_1",180,FALSE,"years",TRUE,1,5,"Denominator cohort 1","18 to 39","Female",365,2008-01-01,2012-01-01,NA,NA,FALSE,"IPCI"
"1",2674547,2674547,3,"Missing sex",0,0,1,"cohort_1",180,FALSE,"years",TRUE,1,5,"Denominator cohort 1","18 to 39","Female",365,2008-01-01,2012-01-01,NA,NA,FALSE,"IPCI"
"1",2473581,2473581,4,"Cannot satisfy age criteria during the study period based on year of birth",200966,200966,1,"cohort_1",180,FALSE,"years",TRUE,1,5,"Denominator cohort 1","18 to 39","Female",365,2008-01-01,2012-01-01,NA,NA,FALSE,"IPCI"
"1",885755,885755,5,"No observation time available during study period",1587826,1587826,1,"cohort_1",180,FALSE,"years",TRUE,1,5,"Denominator cohort 1","18 to 39","Female",365,2008-01-01,2012-01-01,NA,NA,FALSE,"IPCI"
"1",885755,885755,6,"Doesn't satisfy age criteria during the study period",0,0,1,"cohort_1",180,FALSE,"years",TRUE,1,5,"Denominator cohort 1","18 to 39","Female",365,2008-01-01,2012-01-01,NA,NA,FALSE,"IPCI"
"1",510724,510724,7,"Prior history requirement not fulfilled during study period",375031,375031,1,"cohort_1",180,FALSE,"years",TRUE,1,5,"Denominator cohort 1","18 to 39","Female",365,2008-01-01,2012-01-01,NA,NA,FALSE,"IPCI"
"1",255832,255832,8,"Not Female",254892,254892,1,"cohort_1",180,FALSE,"years",TRUE,1,5,"Denominator cohort 1","18 to 39","Female",365,2008-01-01,2012-01-01,NA,NA,FALSE,"IPCI"
"1",78740,78740,10,"No observation time available after applying age, prior history and, if applicable, strata criteria",177092,177092,1,"cohort_1",180,FALSE,"years",TRUE,1,5,"Denominator cohort 1","18 to 39","Female",365,2008-01-01,2012-01-01,NA,NA,FALSE,"IPCI"
"1",115809,78740,11,"Starting analysis population",NA,NA,1,"cohort_1",180,FALSE,"years",TRUE,1,5,"Denominator cohort 1","18 to 39","Female",365,2008-01-01,2012-01-01,NA,NA,FALSE,"IPCI"
"1",75619,75619,12,"Excluded due to prior event (do not pass outcome washout during study period)",40190,3121,1,"cohort_1",180,FALSE,"years",TRUE,1,5,"Denominator cohort 1","18 to 39","Female",365,2008-01-01,2012-01-01,NA,NA,FALSE,"IPCI"
"1",75584,75584,14,"Not observed during the complete database interval",35,35,1,"cohort_1",180,FALSE,"years",TRUE,1,5,"Denominator cohort 1","18 to 39","Female",365,2008-01-01,2012-01-01,NA,NA,FALSE,"IPCI"
"10",2674547,2674547,1,"Starting population",NA,NA,1,"cohort_1",180,FALSE,"overall",TRUE,5,5,"Denominator cohort 5","40 to 59","Male",365,2008-01-01,2012-01-01,NA,NA,FALSE,"IPCI"
"10",2674547,2674547,2,"Missing year of birth",0,0,1,"cohort_1",180,FALSE,"overall",TRUE,5,5,"Denominator cohort 5","40 to 59","Male",365,2008-01-01,2012-01-01,NA,NA,FALSE,"IPCI"
"10",2674547,2674547,3,"Missing sex",0,0,1,"cohort_1",180,FALSE,"overall",TRUE,5,5,"Denominator cohort 5","40 to 59","Male",365,2008-01-01,2012-01-01,NA,NA,FALSE,"IPCI"
"10",2473581,2473581,4,"Cannot satisfy age criteria during the study period based on year of birth",200966,200966,1,"cohort_1",180,FALSE,"overall",TRUE,5,5,"Denominator cohort 5","40 to 59","Male",365,2008-01-01,2012-01-01,NA,NA,FALSE,"IPCI"
"10",885755,885755,5,"No observation time available during study period",1587826,1587826,1,"cohort_1",180,FALSE,"overall",TRUE,5,5,"Denominator cohort 5","40 to 59","Male",365,2008-01-01,2012-01-01,NA,NA,FALSE,"IPCI"
"10",885755,885755,6,"Doesn't satisfy age criteria during the study period",0,0,1,"cohort_1",180,FALSE,"overall",TRUE,5,5,"Denominator cohort 5","40 to 59","Male",365,2008-01-01,2012-01-01,NA,NA,FALSE,"IPCI"
"10",510724,510724,7,"Prior history requirement not fulfilled during study period",375031,375031,1,"cohort_1",180,FALSE,"overall",TRUE,5,5,"Denominator cohort 5","40 to 59","Male",365,2008-01-01,2012-01-01,NA,NA,FALSE,"IPCI"
"10",254892,254892,8,"Not Male",255832,255832,1,"cohort_1",180,FALSE,"overall",TRUE,5,5,"Denominator cohort 5","40 to 59","Male",365,2008-01-01,2012-01-01,NA,NA,FALSE,"IPCI"
"10",71316,71316,10,"No observation time available after applying age, prior history and, if applicable, strata criteria",183576,183576,1,"cohort_1",180,FALSE,"overall",TRUE,5,5,"Denominator cohort 5","40 to 59","Male",365,2008-01-01,2012-01-01,NA,NA,FALSE,"IPCI"
"10",105175,71316,11,"Starting analysis population",NA,NA,1,"cohort_1",180,FALSE,"overall",TRUE,5,5,"Denominator cohort 5","40 to 59","Male",365,2008-01-01,2012-01-01,NA,NA,FALSE,"IPCI"
"10",68440,68440,12,"Excluded due to prior event (do not pass outcome washout during study period)",36735,2876,1,"cohort_1",180,FALSE,"overall",TRUE,5,5,"Denominator cohort 5","40 to 59","Male",365,2008-01-01,2012-01-01,NA,NA,FALSE,"IPCI"
"10",68440,68440,14,"Not observed during the complete database interval",0,0,1,"cohort_1",180,FALSE,"overall",TRUE,5,5,"Denominator cohort 5","40 to 59","Male",365,2008-01-01,2012-01-01,NA,NA,FALSE,"IPCI"
"11",2674547,2674547,1,"Starting population",NA,NA,1,"cohort_1",180,FALSE,"years",TRUE,6,5,"Denominator cohort 6","40 to 59","Both",365,2008-01-01,2012-01-01,NA,NA,FALSE,"IPCI"
"11",2674547,2674547,2,"Missing year of birth",0,0,1,"cohort_1",180,FALSE,"years",TRUE,6,5,"Denominator cohort 6","40 to 59","Both",365,2008-01-01,2012-01-01,NA,NA,FALSE,"IPCI"
"11",2674547,2674547,3,"Missing sex",0,0,1,"cohort_1",180,FALSE,"years",TRUE,6,5,"Denominator cohort 6","40 to 59","Both",365,2008-01-01,2012-01-01,NA,NA,FALSE,"IPCI"
"11",2473581,2473581,4,"Cannot satisfy age criteria during the study period based on year of birth",200966,200966,1,"cohort_1",180,FALSE,"years",TRUE,6,5,"Denominator cohort 6","40 to 59","Both",365,2008-01-01,2012-01-01,NA,NA,FALSE,"IPCI"
"11",885755,885755,5,"No observation time available during study period",1587826,1587826,1,"cohort_1",180,FALSE,"years",TRUE,6,5,"Denominator cohort 6","40 to 59","Both",365,2008-01-01,2012-01-01,NA,NA,FALSE,"IPCI"
"11",885755,885755,6,"Doesn't satisfy age criteria during the study period",0,0,1,"cohort_1",180,FALSE,"years",TRUE,6,5,"Denominator cohort 6","40 to 59","Both",365,2008-01-01,2012-01-01,NA,NA,FALSE,"IPCI"
"11",510724,510724,7,"Prior history requirement not fulfilled during study period",375031,375031,1,"cohort_1",180,FALSE,"years",TRUE,6,5,"Denominator cohort 6","40 to 59","Both",365,2008-01-01,2012-01-01,NA,NA,FALSE,"IPCI"
"11",142835,142835,10,"No observation time available after applying age, prior history and, if applicable, strata criteria",367889,367889,1,"cohort_1",180,FALSE,"years",TRUE,6,5,"Denominator cohort 6","40 to 59","Both",365,2008-01-01,2012-01-01,NA,NA,FALSE,"IPCI"
"11",210384,142835,11,"Starting analysis population",NA,NA,1,"cohort_1",180,FALSE,"years",TRUE,6,5,"Denominator cohort 6","40 to 59","Both",365,2008-01-01,2012-01-01,NA,NA,FALSE,"IPCI"
"11",137166,137166,12,"Excluded due to prior event (do not pass outcome washout during study period)",73218,5669,1,"cohort_1",180,FALSE,"years",TRUE,6,5,"Denominator cohort 6","40 to 59","Both",365,2008-01-01,2012-01-01,NA,NA,FALSE,"IPCI"
"11",137093,137093,14,"Not observed during the complete database interval",73,73,1,"cohort_1",180,FALSE,"years",TRUE,6,5,"Denominator cohort 6","40 to 59","Both",365,2008-01-01,2012-01-01,NA,NA,FALSE,"IPCI"
"12",2674547,2674547,1,"Starting population",NA,NA,1,"cohort_1",180,FALSE,"overall",TRUE,6,5,"Denominator cohort 6","40 to 59","Both",365,2008-01-01,2012-01-01,NA,NA,FALSE,"IPCI"
"12",2674547,2674547,2,"Missing year of birth",0,0,1,"cohort_1",180,FALSE,"overall",TRUE,6,5,"Denominator cohort 6","40 to 59","Both",365,2008-01-01,2012-01-01,NA,NA,FALSE,"IPCI"
"12",2674547,2674547,3,"Missing sex",0,0,1,"cohort_1",180,FALSE,"overall",TRUE,6,5,"Denominator cohort 6","40 to 59","Both",365,2008-01-01,2012-01-01,NA,NA,FALSE,"IPCI"
"12",2473581,2473581,4,"Cannot satisfy age criteria during the study period based on year of birth",200966,200966,1,"cohort_1",180,FALSE,"overall",TRUE,6,5,"Denominator cohort 6","40 to 59","Both",365,2008-01-01,2012-01-01,NA,NA,FALSE,"IPCI"
"12",885755,885755,5,"No observation time available during study period",1587826,1587826,1,"cohort_1",180,FALSE,"overall",TRUE,6,5,"Denominator cohort 6","40 to 59","Both",365,2008-01-01,2012-01-01,NA,NA,FALSE,"IPCI"
"12",885755,885755,6,"Doesn't satisfy age criteria during the study period",0,0,1,"cohort_1",180,FALSE,"overall",TRUE,6,5,"Denominator cohort 6","40 to 59","Both",365,2008-01-01,2012-01-01,NA,NA,FALSE,"IPCI"
"12",510724,510724,7,"Prior history requirement not fulfilled during study period",375031,375031,1,"cohort_1",180,FALSE,"overall",TRUE,6,5,"Denominator cohort 6","40 to 59","Both",365,2008-01-01,2012-01-01,NA,NA,FALSE,"IPCI"
"12",142835,142835,10,"No observation time available after applying age, prior history and, if applicable, strata criteria",367889,367889,1,"cohort_1",180,FALSE,"overall",TRUE,6,5,"Denominator cohort 6","40 to 59","Both",365,2008-01-01,2012-01-01,NA,NA,FALSE,"IPCI"
"12",210384,142835,11,"Starting analysis population",NA,NA,1,"cohort_1",180,FALSE,"overall",TRUE,6,5,"Denominator cohort 6","40 to 59","Both",365,2008-01-01,2012-01-01,NA,NA,FALSE,"IPCI"
"12",137166,137166,12,"Excluded due to prior event (do not pass outcome washout during study period)",73218,5669,1,"cohort_1",180,FALSE,"overall",TRUE,6,5,"Denominator cohort 6","40 to 59","Both",365,2008-01-01,2012-01-01,NA,NA,FALSE,"IPCI"
"12",137166,137166,14,"Not observed during the complete database interval",0,0,1,"cohort_1",180,FALSE,"overall",TRUE,6,5,"Denominator cohort 6","40 to 59","Both",365,2008-01-01,2012-01-01,NA,NA,FALSE,"IPCI"
"13",2674547,2674547,1,"Starting population",NA,NA,1,"cohort_1",180,FALSE,"years",TRUE,7,5,"Denominator cohort 7","60 to 99","Female",365,2008-01-01,2012-01-01,NA,NA,FALSE,"IPCI"
"13",2674547,2674547,2,"Missing year of birth",0,0,1,"cohort_1",180,FALSE,"years",TRUE,7,5,"Denominator cohort 7","60 to 99","Female",365,2008-01-01,2012-01-01,NA,NA,FALSE,"IPCI"
"13",2674547,2674547,3,"Missing sex",0,0,1,"cohort_1",180,FALSE,"years",TRUE,7,5,"Denominator cohort 7","60 to 99","Female",365,2008-01-01,2012-01-01,NA,NA,FALSE,"IPCI"
"13",2473581,2473581,4,"Cannot satisfy age criteria during the study period based on year of birth",200966,200966,1,"cohort_1",180,FALSE,"years",TRUE,7,5,"Denominator cohort 7","60 to 99","Female",365,2008-01-01,2012-01-01,NA,NA,FALSE,"IPCI"
"13",885755,885755,5,"No observation time available during study period",1587826,1587826,1,"cohort_1",180,FALSE,"years",TRUE,7,5,"Denominator cohort 7","60 to 99","Female",365,2008-01-01,2012-01-01,NA,NA,FALSE,"IPCI"
"13",885755,885755,6,"Doesn't satisfy age criteria during the study period",0,0,1,"cohort_1",180,FALSE,"years",TRUE,7,5,"Denominator cohort 7","60 to 99","Female",365,2008-01-01,2012-01-01,NA,NA,FALSE,"IPCI"
"13",510724,510724,7,"Prior history requirement not fulfilled during study period",375031,375031,1,"cohort_1",180,FALSE,"years",TRUE,7,5,"Denominator cohort 7","60 to 99","Female",365,2008-01-01,2012-01-01,NA,NA,FALSE,"IPCI"
"13",255832,255832,8,"Not Female",254892,254892,1,"cohort_1",180,FALSE,"years",TRUE,7,5,"Denominator cohort 7","60 to 99","Female",365,2008-01-01,2012-01-01,NA,NA,FALSE,"IPCI"
"13",104804,104804,10,"No observation time available after applying age, prior history and, if applicable, strata criteria",151028,151028,1,"cohort_1",180,FALSE,"years",TRUE,7,5,"Denominator cohort 7","60 to 99","Female",365,2008-01-01,2012-01-01,NA,NA,FALSE,"IPCI"
"13",154741,104804,11,"Starting analysis population",NA,NA,1,"cohort_1",180,FALSE,"years",TRUE,7,5,"Denominator cohort 7","60 to 99","Female",365,2008-01-01,2012-01-01,NA,NA,FALSE,"IPCI"
"13",100653,100653,12,"Excluded due to prior event (do not pass outcome washout during study period)",54088,4151,1,"cohort_1",180,FALSE,"years",TRUE,7,5,"Denominator cohort 7","60 to 99","Female",365,2008-01-01,2012-01-01,NA,NA,FALSE,"IPCI"
"13",100600,100600,14,"Not observed during the complete database interval",53,53,1,"cohort_1",180,FALSE,"years",TRUE,7,5,"Denominator cohort 7","60 to 99","Female",365,2008-01-01,2012-01-01,NA,NA,FALSE,"IPCI"
"14",2674547,2674547,1,"Starting population",NA,NA,1,"cohort_1",180,FALSE,"overall",TRUE,7,5,"Denominator cohort 7","60 to 99","Female",365,2008-01-01,2012-01-01,NA,NA,FALSE,"IPCI"
"14",2674547,2674547,2,"Missing year of birth",0,0,1,"cohort_1",180,FALSE,"overall",TRUE,7,5,"Denominator cohort 7","60 to 99","Female",365,2008-01-01,2012-01-01,NA,NA,FALSE,"IPCI"
"14",2674547,2674547,3,"Missing sex",0,0,1,"cohort_1",180,FALSE,"overall",TRUE,7,5,"Denominator cohort 7","60 to 99","Female",365,2008-01-01,2012-01-01,NA,NA,FALSE,"IPCI"
"14",2473581,2473581,4,"Cannot satisfy age criteria during the study period based on year of birth",200966,200966,1,"cohort_1",180,FALSE,"overall",TRUE,7,5,"Denominator cohort 7","60 to 99","Female",365,2008-01-01,2012-01-01,NA,NA,FALSE,"IPCI"
"14",885755,885755,5,"No observation time available during study period",1587826,1587826,1,"cohort_1",180,FALSE,"overall",TRUE,7,5,"Denominator cohort 7","60 to 99","Female",365,2008-01-01,2012-01-01,NA,NA,FALSE,"IPCI"
"14",885755,885755,6,"Doesn't satisfy age criteria during the study period",0,0,1,"cohort_1",180,FALSE,"overall",TRUE,7,5,"Denominator cohort 7","60 to 99","Female",365,2008-01-01,2012-01-01,NA,NA,FALSE,"IPCI"
"14",510724,510724,7,"Prior history requirement not fulfilled during study period",375031,375031,1,"cohort_1",180,FALSE,"overall",TRUE,7,5,"Denominator cohort 7","60 to 99","Female",365,2008-01-01,2012-01-01,NA,NA,FALSE,"IPCI"
"14",255832,255832,8,"Not Female",254892,254892,1,"cohort_1",180,FALSE,"overall",TRUE,7,5,"Denominator cohort 7","60 to 99","Female",365,2008-01-01,2012-01-01,NA,NA,FALSE,"IPCI"
"14",104804,104804,10,"No observation time available after applying age, prior history and, if applicable, strata criteria",151028,151028,1,"cohort_1",180,FALSE,"overall",TRUE,7,5,"Denominator cohort 7","60 to 99","Female",365,2008-01-01,2012-01-01,NA,NA,FALSE,"IPCI"
"14",154741,104804,11,"Starting analysis population",NA,NA,1,"cohort_1",180,FALSE,"overall",TRUE,7,5,"Denominator cohort 7","60 to 99","Female",365,2008-01-01,2012-01-01,NA,NA,FALSE,"IPCI"
"14",100653,100653,12,"Excluded due to prior event (do not pass outcome washout during study period)",54088,4151,1,"cohort_1",180,FALSE,"overall",TRUE,7,5,"Denominator cohort 7","60 to 99","Female",365,2008-01-01,2012-01-01,NA,NA,FALSE,"IPCI"
"14",100653,100653,14,"Not observed during the complete database interval",0,0,1,"cohort_1",180,FALSE,"overall",TRUE,7,5,"Denominator cohort 7","60 to 99","Female",365,2008-01-01,2012-01-01,NA,NA,FALSE,"IPCI"
"15",2674547,2674547,1,"Starting population",NA,NA,1,"cohort_1",180,FALSE,"years",TRUE,8,5,"Denominator cohort 8","60 to 99","Male",365,2008-01-01,2012-01-01,NA,NA,FALSE,"IPCI"
"15",2674547,2674547,2,"Missing year of birth",0,0,1,"cohort_1",180,FALSE,"years",TRUE,8,5,"Denominator cohort 8","60 to 99","Male",365,2008-01-01,2012-01-01,NA,NA,FALSE,"IPCI"
"15",2674547,2674547,3,"Missing sex",0,0,1,"cohort_1",180,FALSE,"years",TRUE,8,5,"Denominator cohort 8","60 to 99","Male",365,2008-01-01,2012-01-01,NA,NA,FALSE,"IPCI"
"15",2473581,2473581,4,"Cannot satisfy age criteria during the study period based on year of birth",200966,200966,1,"cohort_1",180,FALSE,"years",TRUE,8,5,"Denominator cohort 8","60 to 99","Male",365,2008-01-01,2012-01-01,NA,NA,FALSE,"IPCI"
"15",885755,885755,5,"No observation time available during study period",1587826,1587826,1,"cohort_1",180,FALSE,"years",TRUE,8,5,"Denominator cohort 8","60 to 99","Male",365,2008-01-01,2012-01-01,NA,NA,FALSE,"IPCI"
"15",885755,885755,6,"Doesn't satisfy age criteria during the study period",0,0,1,"cohort_1",180,FALSE,"years",TRUE,8,5,"Denominator cohort 8","60 to 99","Male",365,2008-01-01,2012-01-01,NA,NA,FALSE,"IPCI"
"15",510724,510724,7,"Prior history requirement not fulfilled during study period",375031,375031,1,"cohort_1",180,FALSE,"years",TRUE,8,5,"Denominator cohort 8","60 to 99","Male",365,2008-01-01,2012-01-01,NA,NA,FALSE,"IPCI"
"15",254892,254892,8,"Not Male",255832,255832,1,"cohort_1",180,FALSE,"years",TRUE,8,5,"Denominator cohort 8","60 to 99","Male",365,2008-01-01,2012-01-01,NA,NA,FALSE,"IPCI"
"15",104922,104922,10,"No observation time available after applying age, prior history and, if applicable, strata criteria",149970,149970,1,"cohort_1",180,FALSE,"years",TRUE,8,5,"Denominator cohort 8","60 to 99","Male",365,2008-01-01,2012-01-01,NA,NA,FALSE,"IPCI"
"15",154732,104922,11,"Starting analysis population",NA,NA,1,"cohort_1",180,FALSE,"years",TRUE,8,5,"Denominator cohort 8","60 to 99","Male",365,2008-01-01,2012-01-01,NA,NA,FALSE,"IPCI"
"15",100832,100832,12,"Excluded due to prior event (do not pass outcome washout during study period)",53900,4090,1,"cohort_1",180,FALSE,"years",TRUE,8,5,"Denominator cohort 8","60 to 99","Male",365,2008-01-01,2012-01-01,NA,NA,FALSE,"IPCI"
"15",100770,100770,14,"Not observed during the complete database interval",62,62,1,"cohort_1",180,FALSE,"years",TRUE,8,5,"Denominator cohort 8","60 to 99","Male",365,2008-01-01,2012-01-01,NA,NA,FALSE,"IPCI"
"16",2674547,2674547,1,"Starting population",NA,NA,1,"cohort_1",180,FALSE,"overall",TRUE,8,5,"Denominator cohort 8","60 to 99","Male",365,2008-01-01,2012-01-01,NA,NA,FALSE,"IPCI"
"16",2674547,2674547,2,"Missing year of birth",0,0,1,"cohort_1",180,FALSE,"overall",TRUE,8,5,"Denominator cohort 8","60 to 99","Male",365,2008-01-01,2012-01-01,NA,NA,FALSE,"IPCI"
"16",2674547,2674547,3,"Missing sex",0,0,1,"cohort_1",180,FALSE,"overall",TRUE,8,5,"Denominator cohort 8","60 to 99","Male",365,2008-01-01,2012-01-01,NA,NA,FALSE,"IPCI"
"16",2473581,2473581,4,"Cannot satisfy age criteria during the study period based on year of birth",200966,200966,1,"cohort_1",180,FALSE,"overall",TRUE,8,5,"Denominator cohort 8","60 to 99","Male",365,2008-01-01,2012-01-01,NA,NA,FALSE,"IPCI"
"16",885755,885755,5,"No observation time available during study period",1587826,1587826,1,"cohort_1",180,FALSE,"overall",TRUE,8,5,"Denominator cohort 8","60 to 99","Male",365,2008-01-01,2012-01-01,NA,NA,FALSE,"IPCI"
"16",885755,885755,6,"Doesn't satisfy age criteria during the study period",0,0,1,"cohort_1",180,FALSE,"overall",TRUE,8,5,"Denominator cohort 8","60 to 99","Male",365,2008-01-01,2012-01-01,NA,NA,FALSE,"IPCI"
"16",510724,510724,7,"Prior history requirement not fulfilled during study period",375031,375031,1,"cohort_1",180,FALSE,"overall",TRUE,8,5,"Denominator cohort 8","60 to 99","Male",365,2008-01-01,2012-01-01,NA,NA,FALSE,"IPCI"
"16",254892,254892,8,"Not Male",255832,255832,1,"cohort_1",180,FALSE,"overall",TRUE,8,5,"Denominator cohort 8","60 to 99","Male",365,2008-01-01,2012-01-01,NA,NA,FALSE,"IPCI"
"16",104922,104922,10,"No observation time available after applying age, prior history and, if applicable, strata criteria",149970,149970,1,"cohort_1",180,FALSE,"overall",TRUE,8,5,"Denominator cohort 8","60 to 99","Male",365,2008-01-01,2012-01-01,NA,NA,FALSE,"IPCI"
"16",154732,104922,11,"Starting analysis population",NA,NA,1,"cohort_1",180,FALSE,"overall",TRUE,8,5,"Denominator cohort 8","60 to 99","Male",365,2008-01-01,2012-01-01,NA,NA,FALSE,"IPCI"
"16",100832,100832,12,"Excluded due to prior event (do not pass outcome washout during study period)",53900,4090,1,"cohort_1",180,FALSE,"overall",TRUE,8,5,"Denominator cohort 8","60 to 99","Male",365,2008-01-01,2012-01-01,NA,NA,FALSE,"IPCI"
"16",100832,100832,14,"Not observed during the complete database interval",0,0,1,"cohort_1",180,FALSE,"overall",TRUE,8,5,"Denominator cohort 8","60 to 99","Male",365,2008-01-01,2012-01-01,NA,NA,FALSE,"IPCI"
"17",2674547,2674547,1,"Starting population",NA,NA,1,"cohort_1",180,FALSE,"years",TRUE,9,5,"Denominator cohort 9","60 to 99","Both",365,2008-01-01,2012-01-01,NA,NA,FALSE,"IPCI"
"17",2674547,2674547,2,"Missing year of birth",0,0,1,"cohort_1",180,FALSE,"years",TRUE,9,5,"Denominator cohort 9","60 to 99","Both",365,2008-01-01,2012-01-01,NA,NA,FALSE,"IPCI"
"17",2674547,2674547,3,"Missing sex",0,0,1,"cohort_1",180,FALSE,"years",TRUE,9,5,"Denominator cohort 9","60 to 99","Both",365,2008-01-01,2012-01-01,NA,NA,FALSE,"IPCI"
"17",2473581,2473581,4,"Cannot satisfy age criteria during the study period based on year of birth",200966,200966,1,"cohort_1",180,FALSE,"years",TRUE,9,5,"Denominator cohort 9","60 to 99","Both",365,2008-01-01,2012-01-01,NA,NA,FALSE,"IPCI"
"17",885755,885755,5,"No observation time available during study period",1587826,1587826,1,"cohort_1",180,FALSE,"years",TRUE,9,5,"Denominator cohort 9","60 to 99","Both",365,2008-01-01,2012-01-01,NA,NA,FALSE,"IPCI"
"17",885755,885755,6,"Doesn't satisfy age criteria during the study period",0,0,1,"cohort_1",180,FALSE,"years",TRUE,9,5,"Denominator cohort 9","60 to 99","Both",365,2008-01-01,2012-01-01,NA,NA,FALSE,"IPCI"
"17",510724,510724,7,"Prior history requirement not fulfilled during study period",375031,375031,1,"cohort_1",180,FALSE,"years",TRUE,9,5,"Denominator cohort 9","60 to 99","Both",365,2008-01-01,2012-01-01,NA,NA,FALSE,"IPCI"
"17",209726,209726,10,"No observation time available after applying age, prior history and, if applicable, strata criteria",300998,300998,1,"cohort_1",180,FALSE,"years",TRUE,9,5,"Denominator cohort 9","60 to 99","Both",365,2008-01-01,2012-01-01,NA,NA,FALSE,"IPCI"
"17",309473,209726,11,"Starting analysis population",NA,NA,1,"cohort_1",180,FALSE,"years",TRUE,9,5,"Denominator cohort 9","60 to 99","Both",365,2008-01-01,2012-01-01,NA,NA,FALSE,"IPCI"
"17",201485,201485,12,"Excluded due to prior event (do not pass outcome washout during study period)",107988,8241,1,"cohort_1",180,FALSE,"years",TRUE,9,5,"Denominator cohort 9","60 to 99","Both",365,2008-01-01,2012-01-01,NA,NA,FALSE,"IPCI"
"17",201370,201370,14,"Not observed during the complete database interval",115,115,1,"cohort_1",180,FALSE,"years",TRUE,9,5,"Denominator cohort 9","60 to 99","Both",365,2008-01-01,2012-01-01,NA,NA,FALSE,"IPCI"
"18",2674547,2674547,1,"Starting population",NA,NA,1,"cohort_1",180,FALSE,"overall",TRUE,9,5,"Denominator cohort 9","60 to 99","Both",365,2008-01-01,2012-01-01,NA,NA,FALSE,"IPCI"
"18",2674547,2674547,2,"Missing year of birth",0,0,1,"cohort_1",180,FALSE,"overall",TRUE,9,5,"Denominator cohort 9","60 to 99","Both",365,2008-01-01,2012-01-01,NA,NA,FALSE,"IPCI"
"18",2674547,2674547,3,"Missing sex",0,0,1,"cohort_1",180,FALSE,"overall",TRUE,9,5,"Denominator cohort 9","60 to 99","Both",365,2008-01-01,2012-01-01,NA,NA,FALSE,"IPCI"
"18",2473581,2473581,4,"Cannot satisfy age criteria during the study period based on year of birth",200966,200966,1,"cohort_1",180,FALSE,"overall",TRUE,9,5,"Denominator cohort 9","60 to 99","Both",365,2008-01-01,2012-01-01,NA,NA,FALSE,"IPCI"
"18",885755,885755,5,"No observation time available during study period",1587826,1587826,1,"cohort_1",180,FALSE,"overall",TRUE,9,5,"Denominator cohort 9","60 to 99","Both",365,2008-01-01,2012-01-01,NA,NA,FALSE,"IPCI"
"18",885755,885755,6,"Doesn't satisfy age criteria during the study period",0,0,1,"cohort_1",180,FALSE,"overall",TRUE,9,5,"Denominator cohort 9","60 to 99","Both",365,2008-01-01,2012-01-01,NA,NA,FALSE,"IPCI"
"18",510724,510724,7,"Prior history requirement not fulfilled during study period",375031,375031,1,"cohort_1",180,FALSE,"overall",TRUE,9,5,"Denominator cohort 9","60 to 99","Both",365,2008-01-01,2012-01-01,NA,NA,FALSE,"IPCI"
"18",209726,209726,10,"No observation time available after applying age, prior history and, if applicable, strata criteria",300998,300998,1,"cohort_1",180,FALSE,"overall",TRUE,9,5,"Denominator cohort 9","60 to 99","Both",365,2008-01-01,2012-01-01,NA,NA,FALSE,"IPCI"
"18",309473,209726,11,"Starting analysis population",NA,NA,1,"cohort_1",180,FALSE,"overall",TRUE,9,5,"Denominator cohort 9","60 to 99","Both",365,2008-01-01,2012-01-01,NA,NA,FALSE,"IPCI"
"18",201485,201485,12,"Excluded due to prior event (do not pass outcome washout during study period)",107988,8241,1,"cohort_1",180,FALSE,"overall",TRUE,9,5,"Denominator cohort 9","60 to 99","Both",365,2008-01-01,2012-01-01,NA,NA,FALSE,"IPCI"
"18",201485,201485,14,"Not observed during the complete database interval",0,0,1,"cohort_1",180,FALSE,"overall",TRUE,9,5,"Denominator cohort 9","60 to 99","Both",365,2008-01-01,2012-01-01,NA,NA,FALSE,"IPCI"
"19",2674547,2674547,1,"Starting population",NA,NA,1,"cohort_1",180,FALSE,"years",TRUE,10,5,"Denominator cohort 10","18 to 99","Female",365,2008-01-01,2012-01-01,NA,NA,FALSE,"IPCI"
"19",2674547,2674547,2,"Missing year of birth",0,0,1,"cohort_1",180,FALSE,"years",TRUE,10,5,"Denominator cohort 10","18 to 99","Female",365,2008-01-01,2012-01-01,NA,NA,FALSE,"IPCI"
"19",2674547,2674547,3,"Missing sex",0,0,1,"cohort_1",180,FALSE,"years",TRUE,10,5,"Denominator cohort 10","18 to 99","Female",365,2008-01-01,2012-01-01,NA,NA,FALSE,"IPCI"
"19",2473581,2473581,4,"Cannot satisfy age criteria during the study period based on year of birth",200966,200966,1,"cohort_1",180,FALSE,"years",TRUE,10,5,"Denominator cohort 10","18 to 99","Female",365,2008-01-01,2012-01-01,NA,NA,FALSE,"IPCI"
"19",885755,885755,5,"No observation time available during study period",1587826,1587826,1,"cohort_1",180,FALSE,"years",TRUE,10,5,"Denominator cohort 10","18 to 99","Female",365,2008-01-01,2012-01-01,NA,NA,FALSE,"IPCI"
"19",885755,885755,6,"Doesn't satisfy age criteria during the study period",0,0,1,"cohort_1",180,FALSE,"years",TRUE,10,5,"Denominator cohort 10","18 to 99","Female",365,2008-01-01,2012-01-01,NA,NA,FALSE,"IPCI"
"19",510724,510724,7,"Prior history requirement not fulfilled during study period",375031,375031,1,"cohort_1",180,FALSE,"years",TRUE,10,5,"Denominator cohort 10","18 to 99","Female",365,2008-01-01,2012-01-01,NA,NA,FALSE,"IPCI"
"19",255832,255832,8,"Not Female",254892,254892,1,"cohort_1",180,FALSE,"years",TRUE,10,5,"Denominator cohort 10","18 to 99","Female",365,2008-01-01,2012-01-01,NA,NA,FALSE,"IPCI"
"19",250112,250112,10,"No observation time available after applying age, prior history and, if applicable, strata criteria",5720,5720,1,"cohort_1",180,FALSE,"years",TRUE,10,5,"Denominator cohort 10","18 to 99","Female",365,2008-01-01,2012-01-01,NA,NA,FALSE,"IPCI"
"19",368949,250112,11,"Starting analysis population",NA,NA,1,"cohort_1",180,FALSE,"years",TRUE,10,5,"Denominator cohort 10","18 to 99","Female",365,2008-01-01,2012-01-01,NA,NA,FALSE,"IPCI"
"19",240398,240398,12,"Excluded due to prior event (do not pass outcome washout during study period)",128551,9714,1,"cohort_1",180,FALSE,"years",TRUE,10,5,"Denominator cohort 10","18 to 99","Female",365,2008-01-01,2012-01-01,NA,NA,FALSE,"IPCI"
"19",240272,240272,14,"Not observed during the complete database interval",126,126,1,"cohort_1",180,FALSE,"years",TRUE,10,5,"Denominator cohort 10","18 to 99","Female",365,2008-01-01,2012-01-01,NA,NA,FALSE,"IPCI"
"2",2674547,2674547,1,"Starting population",NA,NA,1,"cohort_1",180,FALSE,"overall",TRUE,1,5,"Denominator cohort 1","18 to 39","Female",365,2008-01-01,2012-01-01,NA,NA,FALSE,"IPCI"
"2",2674547,2674547,2,"Missing year of birth",0,0,1,"cohort_1",180,FALSE,"overall",TRUE,1,5,"Denominator cohort 1","18 to 39","Female",365,2008-01-01,2012-01-01,NA,NA,FALSE,"IPCI"
"2",2674547,2674547,3,"Missing sex",0,0,1,"cohort_1",180,FALSE,"overall",TRUE,1,5,"Denominator cohort 1","18 to 39","Female",365,2008-01-01,2012-01-01,NA,NA,FALSE,"IPCI"
"2",2473581,2473581,4,"Cannot satisfy age criteria during the study period based on year of birth",200966,200966,1,"cohort_1",180,FALSE,"overall",TRUE,1,5,"Denominator cohort 1","18 to 39","Female",365,2008-01-01,2012-01-01,NA,NA,FALSE,"IPCI"
"2",885755,885755,5,"No observation time available during study period",1587826,1587826,1,"cohort_1",180,FALSE,"overall",TRUE,1,5,"Denominator cohort 1","18 to 39","Female",365,2008-01-01,2012-01-01,NA,NA,FALSE,"IPCI"
"2",885755,885755,6,"Doesn't satisfy age criteria during the study period",0,0,1,"cohort_1",180,FALSE,"overall",TRUE,1,5,"Denominator cohort 1","18 to 39","Female",365,2008-01-01,2012-01-01,NA,NA,FALSE,"IPCI"
"2",510724,510724,7,"Prior history requirement not fulfilled during study period",375031,375031,1,"cohort_1",180,FALSE,"overall",TRUE,1,5,"Denominator cohort 1","18 to 39","Female",365,2008-01-01,2012-01-01,NA,NA,FALSE,"IPCI"
"2",255832,255832,8,"Not Female",254892,254892,1,"cohort_1",180,FALSE,"overall",TRUE,1,5,"Denominator cohort 1","18 to 39","Female",365,2008-01-01,2012-01-01,NA,NA,FALSE,"IPCI"
"2",78740,78740,10,"No observation time available after applying age, prior history and, if applicable, strata criteria",177092,177092,1,"cohort_1",180,FALSE,"overall",TRUE,1,5,"Denominator cohort 1","18 to 39","Female",365,2008-01-01,2012-01-01,NA,NA,FALSE,"IPCI"
"2",115809,78740,11,"Starting analysis population",NA,NA,1,"cohort_1",180,FALSE,"overall",TRUE,1,5,"Denominator cohort 1","18 to 39","Female",365,2008-01-01,2012-01-01,NA,NA,FALSE,"IPCI"
"2",75619,75619,12,"Excluded due to prior event (do not pass outcome washout during study period)",40190,3121,1,"cohort_1",180,FALSE,"overall",TRUE,1,5,"Denominator cohort 1","18 to 39","Female",365,2008-01-01,2012-01-01,NA,NA,FALSE,"IPCI"
"2",75619,75619,14,"Not observed during the complete database interval",0,0,1,"cohort_1",180,FALSE,"overall",TRUE,1,5,"Denominator cohort 1","18 to 39","Female",365,2008-01-01,2012-01-01,NA,NA,FALSE,"IPCI"
"20",2674547,2674547,1,"Starting population",NA,NA,1,"cohort_1",180,FALSE,"overall",TRUE,10,5,"Denominator cohort 10","18 to 99","Female",365,2008-01-01,2012-01-01,NA,NA,FALSE,"IPCI"
"20",2674547,2674547,2,"Missing year of birth",0,0,1,"cohort_1",180,FALSE,"overall",TRUE,10,5,"Denominator cohort 10","18 to 99","Female",365,2008-01-01,2012-01-01,NA,NA,FALSE,"IPCI"
"20",2674547,2674547,3,"Missing sex",0,0,1,"cohort_1",180,FALSE,"overall",TRUE,10,5,"Denominator cohort 10","18 to 99","Female",365,2008-01-01,2012-01-01,NA,NA,FALSE,"IPCI"
"20",2473581,2473581,4,"Cannot satisfy age criteria during the study period based on year of birth",200966,200966,1,"cohort_1",180,FALSE,"overall",TRUE,10,5,"Denominator cohort 10","18 to 99","Female",365,2008-01-01,2012-01-01,NA,NA,FALSE,"IPCI"
"20",885755,885755,5,"No observation time available during study period",1587826,1587826,1,"cohort_1",180,FALSE,"overall",TRUE,10,5,"Denominator cohort 10","18 to 99","Female",365,2008-01-01,2012-01-01,NA,NA,FALSE,"IPCI"
"20",885755,885755,6,"Doesn't satisfy age criteria during the study period",0,0,1,"cohort_1",180,FALSE,"overall",TRUE,10,5,"Denominator cohort 10","18 to 99","Female",365,2008-01-01,2012-01-01,NA,NA,FALSE,"IPCI"
"20",510724,510724,7,"Prior history requirement not fulfilled during study period",375031,375031,1,"cohort_1",180,FALSE,"overall",TRUE,10,5,"Denominator cohort 10","18 to 99","Female",365,2008-01-01,2012-01-01,NA,NA,FALSE,"IPCI"
"20",255832,255832,8,"Not Female",254892,254892,1,"cohort_1",180,FALSE,"overall",TRUE,10,5,"Denominator cohort 10","18 to 99","Female",365,2008-01-01,2012-01-01,NA,NA,FALSE,"IPCI"
"20",250112,250112,10,"No observation time available after applying age, prior history and, if applicable, strata criteria",5720,5720,1,"cohort_1",180,FALSE,"overall",TRUE,10,5,"Denominator cohort 10","18 to 99","Female",365,2008-01-01,2012-01-01,NA,NA,FALSE,"IPCI"
"20",368949,250112,11,"Starting analysis population",NA,NA,1,"cohort_1",180,FALSE,"overall",TRUE,10,5,"Denominator cohort 10","18 to 99","Female",365,2008-01-01,2012-01-01,NA,NA,FALSE,"IPCI"
"20",240398,240398,12,"Excluded due to prior event (do not pass outcome washout during study period)",128551,9714,1,"cohort_1",180,FALSE,"overall",TRUE,10,5,"Denominator cohort 10","18 to 99","Female",365,2008-01-01,2012-01-01,NA,NA,FALSE,"IPCI"
"20",240398,240398,14,"Not observed during the complete database interval",0,0,1,"cohort_1",180,FALSE,"overall",TRUE,10,5,"Denominator cohort 10","18 to 99","Female",365,2008-01-01,2012-01-01,NA,NA,FALSE,"IPCI"
"21",2674547,2674547,1,"Starting population",NA,NA,1,"cohort_1",180,FALSE,"years",TRUE,11,5,"Denominator cohort 11","18 to 99","Male",365,2008-01-01,2012-01-01,NA,NA,FALSE,"IPCI"
"21",2674547,2674547,2,"Missing year of birth",0,0,1,"cohort_1",180,FALSE,"years",TRUE,11,5,"Denominator cohort 11","18 to 99","Male",365,2008-01-01,2012-01-01,NA,NA,FALSE,"IPCI"
"21",2674547,2674547,3,"Missing sex",0,0,1,"cohort_1",180,FALSE,"years",TRUE,11,5,"Denominator cohort 11","18 to 99","Male",365,2008-01-01,2012-01-01,NA,NA,FALSE,"IPCI"
"21",2473581,2473581,4,"Cannot satisfy age criteria during the study period based on year of birth",200966,200966,1,"cohort_1",180,FALSE,"years",TRUE,11,5,"Denominator cohort 11","18 to 99","Male",365,2008-01-01,2012-01-01,NA,NA,FALSE,"IPCI"
"21",885755,885755,5,"No observation time available during study period",1587826,1587826,1,"cohort_1",180,FALSE,"years",TRUE,11,5,"Denominator cohort 11","18 to 99","Male",365,2008-01-01,2012-01-01,NA,NA,FALSE,"IPCI"
"21",885755,885755,6,"Doesn't satisfy age criteria during the study period",0,0,1,"cohort_1",180,FALSE,"years",TRUE,11,5,"Denominator cohort 11","18 to 99","Male",365,2008-01-01,2012-01-01,NA,NA,FALSE,"IPCI"
"21",510724,510724,7,"Prior history requirement not fulfilled during study period",375031,375031,1,"cohort_1",180,FALSE,"years",TRUE,11,5,"Denominator cohort 11","18 to 99","Male",365,2008-01-01,2012-01-01,NA,NA,FALSE,"IPCI"
"21",254892,254892,8,"Not Male",255832,255832,1,"cohort_1",180,FALSE,"years",TRUE,11,5,"Denominator cohort 11","18 to 99","Male",365,2008-01-01,2012-01-01,NA,NA,FALSE,"IPCI"
"21",249243,249243,10,"No observation time available after applying age, prior history and, if applicable, strata criteria",5649,5649,1,"cohort_1",180,FALSE,"years",TRUE,11,5,"Denominator cohort 11","18 to 99","Male",365,2008-01-01,2012-01-01,NA,NA,FALSE,"IPCI"
"21",368050,249243,11,"Starting analysis population",NA,NA,1,"cohort_1",180,FALSE,"years",TRUE,11,5,"Denominator cohort 11","18 to 99","Male",365,2008-01-01,2012-01-01,NA,NA,FALSE,"IPCI"
"21",239459,239459,12,"Excluded due to prior event (do not pass outcome washout during study period)",128591,9784,1,"cohort_1",180,FALSE,"years",TRUE,11,5,"Denominator cohort 11","18 to 99","Male",365,2008-01-01,2012-01-01,NA,NA,FALSE,"IPCI"
"21",239305,239305,14,"Not observed during the complete database interval",154,154,1,"cohort_1",180,FALSE,"years",TRUE,11,5,"Denominator cohort 11","18 to 99","Male",365,2008-01-01,2012-01-01,NA,NA,FALSE,"IPCI"
"22",2674547,2674547,1,"Starting population",NA,NA,1,"cohort_1",180,FALSE,"overall",TRUE,11,5,"Denominator cohort 11","18 to 99","Male",365,2008-01-01,2012-01-01,NA,NA,FALSE,"IPCI"
"22",2674547,2674547,2,"Missing year of birth",0,0,1,"cohort_1",180,FALSE,"overall",TRUE,11,5,"Denominator cohort 11","18 to 99","Male",365,2008-01-01,2012-01-01,NA,NA,FALSE,"IPCI"
"22",2674547,2674547,3,"Missing sex",0,0,1,"cohort_1",180,FALSE,"overall",TRUE,11,5,"Denominator cohort 11","18 to 99","Male",365,2008-01-01,2012-01-01,NA,NA,FALSE,"IPCI"
"22",2473581,2473581,4,"Cannot satisfy age criteria during the study period based on year of birth",200966,200966,1,"cohort_1",180,FALSE,"overall",TRUE,11,5,"Denominator cohort 11","18 to 99","Male",365,2008-01-01,2012-01-01,NA,NA,FALSE,"IPCI"
"22",885755,885755,5,"No observation time available during study period",1587826,1587826,1,"cohort_1",180,FALSE,"overall",TRUE,11,5,"Denominator cohort 11","18 to 99","Male",365,2008-01-01,2012-01-01,NA,NA,FALSE,"IPCI"
"22",885755,885755,6,"Doesn't satisfy age criteria during the study period",0,0,1,"cohort_1",180,FALSE,"overall",TRUE,11,5,"Denominator cohort 11","18 to 99","Male",365,2008-01-01,2012-01-01,NA,NA,FALSE,"IPCI"
"22",510724,510724,7,"Prior history requirement not fulfilled during study period",375031,375031,1,"cohort_1",180,FALSE,"overall",TRUE,11,5,"Denominator cohort 11","18 to 99","Male",365,2008-01-01,2012-01-01,NA,NA,FALSE,"IPCI"
"22",254892,254892,8,"Not Male",255832,255832,1,"cohort_1",180,FALSE,"overall",TRUE,11,5,"Denominator cohort 11","18 to 99","Male",365,2008-01-01,2012-01-01,NA,NA,FALSE,"IPCI"
"22",249243,249243,10,"No observation time available after applying age, prior history and, if applicable, strata criteria",5649,5649,1,"cohort_1",180,FALSE,"overall",TRUE,11,5,"Denominator cohort 11","18 to 99","Male",365,2008-01-01,2012-01-01,NA,NA,FALSE,"IPCI"
"22",368050,249243,11,"Starting analysis population",NA,NA,1,"cohort_1",180,FALSE,"overall",TRUE,11,5,"Denominator cohort 11","18 to 99","Male",365,2008-01-01,2012-01-01,NA,NA,FALSE,"IPCI"
"22",239459,239459,12,"Excluded due to prior event (do not pass outcome washout during study period)",128591,9784,1,"cohort_1",180,FALSE,"overall",TRUE,11,5,"Denominator cohort 11","18 to 99","Male",365,2008-01-01,2012-01-01,NA,NA,FALSE,"IPCI"
"22",239459,239459,14,"Not observed during the complete database interval",0,0,1,"cohort_1",180,FALSE,"overall",TRUE,11,5,"Denominator cohort 11","18 to 99","Male",365,2008-01-01,2012-01-01,NA,NA,FALSE,"IPCI"
"23",2674547,2674547,1,"Starting population",NA,NA,1,"cohort_1",180,FALSE,"years",TRUE,12,5,"Denominator cohort 12","18 to 99","Both",365,2008-01-01,2012-01-01,NA,NA,FALSE,"IPCI"
"23",2674547,2674547,2,"Missing year of birth",0,0,1,"cohort_1",180,FALSE,"years",TRUE,12,5,"Denominator cohort 12","18 to 99","Both",365,2008-01-01,2012-01-01,NA,NA,FALSE,"IPCI"
"23",2674547,2674547,3,"Missing sex",0,0,1,"cohort_1",180,FALSE,"years",TRUE,12,5,"Denominator cohort 12","18 to 99","Both",365,2008-01-01,2012-01-01,NA,NA,FALSE,"IPCI"
"23",2473581,2473581,4,"Cannot satisfy age criteria during the study period based on year of birth",200966,200966,1,"cohort_1",180,FALSE,"years",TRUE,12,5,"Denominator cohort 12","18 to 99","Both",365,2008-01-01,2012-01-01,NA,NA,FALSE,"IPCI"
"23",885755,885755,5,"No observation time available during study period",1587826,1587826,1,"cohort_1",180,FALSE,"years",TRUE,12,5,"Denominator cohort 12","18 to 99","Both",365,2008-01-01,2012-01-01,NA,NA,FALSE,"IPCI"
"23",885755,885755,6,"Doesn't satisfy age criteria during the study period",0,0,1,"cohort_1",180,FALSE,"years",TRUE,12,5,"Denominator cohort 12","18 to 99","Both",365,2008-01-01,2012-01-01,NA,NA,FALSE,"IPCI"
"23",510724,510724,7,"Prior history requirement not fulfilled during study period",375031,375031,1,"cohort_1",180,FALSE,"years",TRUE,12,5,"Denominator cohort 12","18 to 99","Both",365,2008-01-01,2012-01-01,NA,NA,FALSE,"IPCI"
"23",499355,499355,10,"No observation time available after applying age, prior history and, if applicable, strata criteria",11369,11369,1,"cohort_1",180,FALSE,"years",TRUE,12,5,"Denominator cohort 12","18 to 99","Both",365,2008-01-01,2012-01-01,NA,NA,FALSE,"IPCI"
"23",736999,499355,11,"Starting analysis population",NA,NA,1,"cohort_1",180,FALSE,"years",TRUE,12,5,"Denominator cohort 12","18 to 99","Both",365,2008-01-01,2012-01-01,NA,NA,FALSE,"IPCI"
"23",479857,479857,12,"Excluded due to prior event (do not pass outcome washout during study period)",257142,19498,1,"cohort_1",180,FALSE,"years",TRUE,12,5,"Denominator cohort 12","18 to 99","Both",365,2008-01-01,2012-01-01,NA,NA,FALSE,"IPCI"
"23",479577,479577,14,"Not observed during the complete database interval",280,280,1,"cohort_1",180,FALSE,"years",TRUE,12,5,"Denominator cohort 12","18 to 99","Both",365,2008-01-01,2012-01-01,NA,NA,FALSE,"IPCI"
"24",2674547,2674547,1,"Starting population",NA,NA,1,"cohort_1",180,FALSE,"overall",TRUE,12,5,"Denominator cohort 12","18 to 99","Both",365,2008-01-01,2012-01-01,NA,NA,FALSE,"IPCI"
"24",2674547,2674547,2,"Missing year of birth",0,0,1,"cohort_1",180,FALSE,"overall",TRUE,12,5,"Denominator cohort 12","18 to 99","Both",365,2008-01-01,2012-01-01,NA,NA,FALSE,"IPCI"
"24",2674547,2674547,3,"Missing sex",0,0,1,"cohort_1",180,FALSE,"overall",TRUE,12,5,"Denominator cohort 12","18 to 99","Both",365,2008-01-01,2012-01-01,NA,NA,FALSE,"IPCI"
"24",2473581,2473581,4,"Cannot satisfy age criteria during the study period based on year of birth",200966,200966,1,"cohort_1",180,FALSE,"overall",TRUE,12,5,"Denominator cohort 12","18 to 99","Both",365,2008-01-01,2012-01-01,NA,NA,FALSE,"IPCI"
"24",885755,885755,5,"No observation time available during study period",1587826,1587826,1,"cohort_1",180,FALSE,"overall",TRUE,12,5,"Denominator cohort 12","18 to 99","Both",365,2008-01-01,2012-01-01,NA,NA,FALSE,"IPCI"
"24",885755,885755,6,"Doesn't satisfy age criteria during the study period",0,0,1,"cohort_1",180,FALSE,"overall",TRUE,12,5,"Denominator cohort 12","18 to 99","Both",365,2008-01-01,2012-01-01,NA,NA,FALSE,"IPCI"
"24",510724,510724,7,"Prior history requirement not fulfilled during study period",375031,375031,1,"cohort_1",180,FALSE,"overall",TRUE,12,5,"Denominator cohort 12","18 to 99","Both",365,2008-01-01,2012-01-01,NA,NA,FALSE,"IPCI"
"24",499355,499355,10,"No observation time available after applying age, prior history and, if applicable, strata criteria",11369,11369,1,"cohort_1",180,FALSE,"overall",TRUE,12,5,"Denominator cohort 12","18 to 99","Both",365,2008-01-01,2012-01-01,NA,NA,FALSE,"IPCI"
"24",736999,499355,11,"Starting analysis population",NA,NA,1,"cohort_1",180,FALSE,"overall",TRUE,12,5,"Denominator cohort 12","18 to 99","Both",365,2008-01-01,2012-01-01,NA,NA,FALSE,"IPCI"
"24",479857,479857,12,"Excluded due to prior event (do not pass outcome washout during study period)",257142,19498,1,"cohort_1",180,FALSE,"overall",TRUE,12,5,"Denominator cohort 12","18 to 99","Both",365,2008-01-01,2012-01-01,NA,NA,FALSE,"IPCI"
"24",479857,479857,14,"Not observed during the complete database interval",0,0,1,"cohort_1",180,FALSE,"overall",TRUE,12,5,"Denominator cohort 12","18 to 99","Both",365,2008-01-01,2012-01-01,NA,NA,FALSE,"IPCI"
"3",2674547,2674547,1,"Starting population",NA,NA,1,"cohort_1",180,FALSE,"years",TRUE,2,5,"Denominator cohort 2","18 to 39","Male",365,2008-01-01,2012-01-01,NA,NA,FALSE,"IPCI"
"3",2674547,2674547,2,"Missing year of birth",0,0,1,"cohort_1",180,FALSE,"years",TRUE,2,5,"Denominator cohort 2","18 to 39","Male",365,2008-01-01,2012-01-01,NA,NA,FALSE,"IPCI"
"3",2674547,2674547,3,"Missing sex",0,0,1,"cohort_1",180,FALSE,"years",TRUE,2,5,"Denominator cohort 2","18 to 39","Male",365,2008-01-01,2012-01-01,NA,NA,FALSE,"IPCI"
"3",2473581,2473581,4,"Cannot satisfy age criteria during the study period based on year of birth",200966,200966,1,"cohort_1",180,FALSE,"years",TRUE,2,5,"Denominator cohort 2","18 to 39","Male",365,2008-01-01,2012-01-01,NA,NA,FALSE,"IPCI"
"3",885755,885755,5,"No observation time available during study period",1587826,1587826,1,"cohort_1",180,FALSE,"years",TRUE,2,5,"Denominator cohort 2","18 to 39","Male",365,2008-01-01,2012-01-01,NA,NA,FALSE,"IPCI"
"3",885755,885755,6,"Doesn't satisfy age criteria during the study period",0,0,1,"cohort_1",180,FALSE,"years",TRUE,2,5,"Denominator cohort 2","18 to 39","Male",365,2008-01-01,2012-01-01,NA,NA,FALSE,"IPCI"
"3",510724,510724,7,"Prior history requirement not fulfilled during study period",375031,375031,1,"cohort_1",180,FALSE,"years",TRUE,2,5,"Denominator cohort 2","18 to 39","Male",365,2008-01-01,2012-01-01,NA,NA,FALSE,"IPCI"
"3",254892,254892,8,"Not Male",255832,255832,1,"cohort_1",180,FALSE,"years",TRUE,2,5,"Denominator cohort 2","18 to 39","Male",365,2008-01-01,2012-01-01,NA,NA,FALSE,"IPCI"
"3",77896,77896,10,"No observation time available after applying age, prior history and, if applicable, strata criteria",176996,176996,1,"cohort_1",180,FALSE,"years",TRUE,2,5,"Denominator cohort 2","18 to 39","Male",365,2008-01-01,2012-01-01,NA,NA,FALSE,"IPCI"
"3",114821,77896,11,"Starting analysis population",NA,NA,1,"cohort_1",180,FALSE,"years",TRUE,2,5,"Denominator cohort 2","18 to 39","Male",365,2008-01-01,2012-01-01,NA,NA,FALSE,"IPCI"
"3",74695,74695,12,"Excluded due to prior event (do not pass outcome washout during study period)",40126,3201,1,"cohort_1",180,FALSE,"years",TRUE,2,5,"Denominator cohort 2","18 to 39","Male",365,2008-01-01,2012-01-01,NA,NA,FALSE,"IPCI"
"3",74635,74635,14,"Not observed during the complete database interval",60,60,1,"cohort_1",180,FALSE,"years",TRUE,2,5,"Denominator cohort 2","18 to 39","Male",365,2008-01-01,2012-01-01,NA,NA,FALSE,"IPCI"
"4",2674547,2674547,1,"Starting population",NA,NA,1,"cohort_1",180,FALSE,"overall",TRUE,2,5,"Denominator cohort 2","18 to 39","Male",365,2008-01-01,2012-01-01,NA,NA,FALSE,"IPCI"
"4",2674547,2674547,2,"Missing year of birth",0,0,1,"cohort_1",180,FALSE,"overall",TRUE,2,5,"Denominator cohort 2","18 to 39","Male",365,2008-01-01,2012-01-01,NA,NA,FALSE,"IPCI"
"4",2674547,2674547,3,"Missing sex",0,0,1,"cohort_1",180,FALSE,"overall",TRUE,2,5,"Denominator cohort 2","18 to 39","Male",365,2008-01-01,2012-01-01,NA,NA,FALSE,"IPCI"
"4",2473581,2473581,4,"Cannot satisfy age criteria during the study period based on year of birth",200966,200966,1,"cohort_1",180,FALSE,"overall",TRUE,2,5,"Denominator cohort 2","18 to 39","Male",365,2008-01-01,2012-01-01,NA,NA,FALSE,"IPCI"
"4",885755,885755,5,"No observation time available during study period",1587826,1587826,1,"cohort_1",180,FALSE,"overall",TRUE,2,5,"Denominator cohort 2","18 to 39","Male",365,2008-01-01,2012-01-01,NA,NA,FALSE,"IPCI"
"4",885755,885755,6,"Doesn't satisfy age criteria during the study period",0,0,1,"cohort_1",180,FALSE,"overall",TRUE,2,5,"Denominator cohort 2","18 to 39","Male",365,2008-01-01,2012-01-01,NA,NA,FALSE,"IPCI"
"4",510724,510724,7,"Prior history requirement not fulfilled during study period",375031,375031,1,"cohort_1",180,FALSE,"overall",TRUE,2,5,"Denominator cohort 2","18 to 39","Male",365,2008-01-01,2012-01-01,NA,NA,FALSE,"IPCI"
"4",254892,254892,8,"Not Male",255832,255832,1,"cohort_1",180,FALSE,"overall",TRUE,2,5,"Denominator cohort 2","18 to 39","Male",365,2008-01-01,2012-01-01,NA,NA,FALSE,"IPCI"
"4",77896,77896,10,"No observation time available after applying age, prior history and, if applicable, strata criteria",176996,176996,1,"cohort_1",180,FALSE,"overall",TRUE,2,5,"Denominator cohort 2","18 to 39","Male",365,2008-01-01,2012-01-01,NA,NA,FALSE,"IPCI"
"4",114821,77896,11,"Starting analysis population",NA,NA,1,"cohort_1",180,FALSE,"overall",TRUE,2,5,"Denominator cohort 2","18 to 39","Male",365,2008-01-01,2012-01-01,NA,NA,FALSE,"IPCI"
"4",74695,74695,12,"Excluded due to prior event (do not pass outcome washout during study period)",40126,3201,1,"cohort_1",180,FALSE,"overall",TRUE,2,5,"Denominator cohort 2","18 to 39","Male",365,2008-01-01,2012-01-01,NA,NA,FALSE,"IPCI"
"4",74695,74695,14,"Not observed during the complete database interval",0,0,1,"cohort_1",180,FALSE,"overall",TRUE,2,5,"Denominator cohort 2","18 to 39","Male",365,2008-01-01,2012-01-01,NA,NA,FALSE,"IPCI"
"5",2674547,2674547,1,"Starting population",NA,NA,1,"cohort_1",180,FALSE,"years",TRUE,3,5,"Denominator cohort 3","18 to 39","Both",365,2008-01-01,2012-01-01,NA,NA,FALSE,"IPCI"
"5",2674547,2674547,2,"Missing year of birth",0,0,1,"cohort_1",180,FALSE,"years",TRUE,3,5,"Denominator cohort 3","18 to 39","Both",365,2008-01-01,2012-01-01,NA,NA,FALSE,"IPCI"
"5",2674547,2674547,3,"Missing sex",0,0,1,"cohort_1",180,FALSE,"years",TRUE,3,5,"Denominator cohort 3","18 to 39","Both",365,2008-01-01,2012-01-01,NA,NA,FALSE,"IPCI"
"5",2473581,2473581,4,"Cannot satisfy age criteria during the study period based on year of birth",200966,200966,1,"cohort_1",180,FALSE,"years",TRUE,3,5,"Denominator cohort 3","18 to 39","Both",365,2008-01-01,2012-01-01,NA,NA,FALSE,"IPCI"
"5",885755,885755,5,"No observation time available during study period",1587826,1587826,1,"cohort_1",180,FALSE,"years",TRUE,3,5,"Denominator cohort 3","18 to 39","Both",365,2008-01-01,2012-01-01,NA,NA,FALSE,"IPCI"
"5",885755,885755,6,"Doesn't satisfy age criteria during the study period",0,0,1,"cohort_1",180,FALSE,"years",TRUE,3,5,"Denominator cohort 3","18 to 39","Both",365,2008-01-01,2012-01-01,NA,NA,FALSE,"IPCI"
"5",510724,510724,7,"Prior history requirement not fulfilled during study period",375031,375031,1,"cohort_1",180,FALSE,"years",TRUE,3,5,"Denominator cohort 3","18 to 39","Both",365,2008-01-01,2012-01-01,NA,NA,FALSE,"IPCI"
"5",156636,156636,10,"No observation time available after applying age, prior history and, if applicable, strata criteria",354088,354088,1,"cohort_1",180,FALSE,"years",TRUE,3,5,"Denominator cohort 3","18 to 39","Both",365,2008-01-01,2012-01-01,NA,NA,FALSE,"IPCI"
"5",230630,156636,11,"Starting analysis population",NA,NA,1,"cohort_1",180,FALSE,"years",TRUE,3,5,"Denominator cohort 3","18 to 39","Both",365,2008-01-01,2012-01-01,NA,NA,FALSE,"IPCI"
"5",150314,150314,12,"Excluded due to prior event (do not pass outcome washout during study period)",80316,6322,1,"cohort_1",180,FALSE,"years",TRUE,3,5,"Denominator cohort 3","18 to 39","Both",365,2008-01-01,2012-01-01,NA,NA,FALSE,"IPCI"
"5",150219,150219,14,"Not observed during the complete database interval",95,95,1,"cohort_1",180,FALSE,"years",TRUE,3,5,"Denominator cohort 3","18 to 39","Both",365,2008-01-01,2012-01-01,NA,NA,FALSE,"IPCI"
"6",2674547,2674547,1,"Starting population",NA,NA,1,"cohort_1",180,FALSE,"overall",TRUE,3,5,"Denominator cohort 3","18 to 39","Both",365,2008-01-01,2012-01-01,NA,NA,FALSE,"IPCI"
"6",2674547,2674547,2,"Missing year of birth",0,0,1,"cohort_1",180,FALSE,"overall",TRUE,3,5,"Denominator cohort 3","18 to 39","Both",365,2008-01-01,2012-01-01,NA,NA,FALSE,"IPCI"
"6",2674547,2674547,3,"Missing sex",0,0,1,"cohort_1",180,FALSE,"overall",TRUE,3,5,"Denominator cohort 3","18 to 39","Both",365,2008-01-01,2012-01-01,NA,NA,FALSE,"IPCI"
"6",2473581,2473581,4,"Cannot satisfy age criteria during the study period based on year of birth",200966,200966,1,"cohort_1",180,FALSE,"overall",TRUE,3,5,"Denominator cohort 3","18 to 39","Both",365,2008-01-01,2012-01-01,NA,NA,FALSE,"IPCI"
"6",885755,885755,5,"No observation time available during study period",1587826,1587826,1,"cohort_1",180,FALSE,"overall",TRUE,3,5,"Denominator cohort 3","18 to 39","Both",365,2008-01-01,2012-01-01,NA,NA,FALSE,"IPCI"
"6",885755,885755,6,"Doesn't satisfy age criteria during the study period",0,0,1,"cohort_1",180,FALSE,"overall",TRUE,3,5,"Denominator cohort 3","18 to 39","Both",365,2008-01-01,2012-01-01,NA,NA,FALSE,"IPCI"
"6",510724,510724,7,"Prior history requirement not fulfilled during study period",375031,375031,1,"cohort_1",180,FALSE,"overall",TRUE,3,5,"Denominator cohort 3","18 to 39","Both",365,2008-01-01,2012-01-01,NA,NA,FALSE,"IPCI"
"6",156636,156636,10,"No observation time available after applying age, prior history and, if applicable, strata criteria",354088,354088,1,"cohort_1",180,FALSE,"overall",TRUE,3,5,"Denominator cohort 3","18 to 39","Both",365,2008-01-01,2012-01-01,NA,NA,FALSE,"IPCI"
"6",230630,156636,11,"Starting analysis population",NA,NA,1,"cohort_1",180,FALSE,"overall",TRUE,3,5,"Denominator cohort 3","18 to 39","Both",365,2008-01-01,2012-01-01,NA,NA,FALSE,"IPCI"
"6",150314,150314,12,"Excluded due to prior event (do not pass outcome washout during study period)",80316,6322,1,"cohort_1",180,FALSE,"overall",TRUE,3,5,"Denominator cohort 3","18 to 39","Both",365,2008-01-01,2012-01-01,NA,NA,FALSE,"IPCI"
"6",150314,150314,14,"Not observed during the complete database interval",0,0,1,"cohort_1",180,FALSE,"overall",TRUE,3,5,"Denominator cohort 3","18 to 39","Both",365,2008-01-01,2012-01-01,NA,NA,FALSE,"IPCI"
"7",2674547,2674547,1,"Starting population",NA,NA,1,"cohort_1",180,FALSE,"years",TRUE,4,5,"Denominator cohort 4","40 to 59","Female",365,2008-01-01,2012-01-01,NA,NA,FALSE,"IPCI"
"7",2674547,2674547,2,"Missing year of birth",0,0,1,"cohort_1",180,FALSE,"years",TRUE,4,5,"Denominator cohort 4","40 to 59","Female",365,2008-01-01,2012-01-01,NA,NA,FALSE,"IPCI"
"7",2674547,2674547,3,"Missing sex",0,0,1,"cohort_1",180,FALSE,"years",TRUE,4,5,"Denominator cohort 4","40 to 59","Female",365,2008-01-01,2012-01-01,NA,NA,FALSE,"IPCI"
"7",2473581,2473581,4,"Cannot satisfy age criteria during the study period based on year of birth",200966,200966,1,"cohort_1",180,FALSE,"years",TRUE,4,5,"Denominator cohort 4","40 to 59","Female",365,2008-01-01,2012-01-01,NA,NA,FALSE,"IPCI"
"7",885755,885755,5,"No observation time available during study period",1587826,1587826,1,"cohort_1",180,FALSE,"years",TRUE,4,5,"Denominator cohort 4","40 to 59","Female",365,2008-01-01,2012-01-01,NA,NA,FALSE,"IPCI"
"7",885755,885755,6,"Doesn't satisfy age criteria during the study period",0,0,1,"cohort_1",180,FALSE,"years",TRUE,4,5,"Denominator cohort 4","40 to 59","Female",365,2008-01-01,2012-01-01,NA,NA,FALSE,"IPCI"
"7",510724,510724,7,"Prior history requirement not fulfilled during study period",375031,375031,1,"cohort_1",180,FALSE,"years",TRUE,4,5,"Denominator cohort 4","40 to 59","Female",365,2008-01-01,2012-01-01,NA,NA,FALSE,"IPCI"
"7",255832,255832,8,"Not Female",254892,254892,1,"cohort_1",180,FALSE,"years",TRUE,4,5,"Denominator cohort 4","40 to 59","Female",365,2008-01-01,2012-01-01,NA,NA,FALSE,"IPCI"
"7",71519,71519,10,"No observation time available after applying age, prior history and, if applicable, strata criteria",184313,184313,1,"cohort_1",180,FALSE,"years",TRUE,4,5,"Denominator cohort 4","40 to 59","Female",365,2008-01-01,2012-01-01,NA,NA,FALSE,"IPCI"
"7",105209,71519,11,"Starting analysis population",NA,NA,1,"cohort_1",180,FALSE,"years",TRUE,4,5,"Denominator cohort 4","40 to 59","Female",365,2008-01-01,2012-01-01,NA,NA,FALSE,"IPCI"
"7",68726,68726,12,"Excluded due to prior event (do not pass outcome washout during study period)",36483,2793,1,"cohort_1",180,FALSE,"years",TRUE,4,5,"Denominator cohort 4","40 to 59","Female",365,2008-01-01,2012-01-01,NA,NA,FALSE,"IPCI"
"7",68687,68687,14,"Not observed during the complete database interval",39,39,1,"cohort_1",180,FALSE,"years",TRUE,4,5,"Denominator cohort 4","40 to 59","Female",365,2008-01-01,2012-01-01,NA,NA,FALSE,"IPCI"
"8",2674547,2674547,1,"Starting population",NA,NA,1,"cohort_1",180,FALSE,"overall",TRUE,4,5,"Denominator cohort 4","40 to 59","Female",365,2008-01-01,2012-01-01,NA,NA,FALSE,"IPCI"
"8",2674547,2674547,2,"Missing year of birth",0,0,1,"cohort_1",180,FALSE,"overall",TRUE,4,5,"Denominator cohort 4","40 to 59","Female",365,2008-01-01,2012-01-01,NA,NA,FALSE,"IPCI"
"8",2674547,2674547,3,"Missing sex",0,0,1,"cohort_1",180,FALSE,"overall",TRUE,4,5,"Denominator cohort 4","40 to 59","Female",365,2008-01-01,2012-01-01,NA,NA,FALSE,"IPCI"
"8",2473581,2473581,4,"Cannot satisfy age criteria during the study period based on year of birth",200966,200966,1,"cohort_1",180,FALSE,"overall",TRUE,4,5,"Denominator cohort 4","40 to 59","Female",365,2008-01-01,2012-01-01,NA,NA,FALSE,"IPCI"
"8",885755,885755,5,"No observation time available during study period",1587826,1587826,1,"cohort_1",180,FALSE,"overall",TRUE,4,5,"Denominator cohort 4","40 to 59","Female",365,2008-01-01,2012-01-01,NA,NA,FALSE,"IPCI"
"8",885755,885755,6,"Doesn't satisfy age criteria during the study period",0,0,1,"cohort_1",180,FALSE,"overall",TRUE,4,5,"Denominator cohort 4","40 to 59","Female",365,2008-01-01,2012-01-01,NA,NA,FALSE,"IPCI"
"8",510724,510724,7,"Prior history requirement not fulfilled during study period",375031,375031,1,"cohort_1",180,FALSE,"overall",TRUE,4,5,"Denominator cohort 4","40 to 59","Female",365,2008-01-01,2012-01-01,NA,NA,FALSE,"IPCI"
"8",255832,255832,8,"Not Female",254892,254892,1,"cohort_1",180,FALSE,"overall",TRUE,4,5,"Denominator cohort 4","40 to 59","Female",365,2008-01-01,2012-01-01,NA,NA,FALSE,"IPCI"
"8",71519,71519,10,"No observation time available after applying age, prior history and, if applicable, strata criteria",184313,184313,1,"cohort_1",180,FALSE,"overall",TRUE,4,5,"Denominator cohort 4","40 to 59","Female",365,2008-01-01,2012-01-01,NA,NA,FALSE,"IPCI"
"8",105209,71519,11,"Starting analysis population",NA,NA,1,"cohort_1",180,FALSE,"overall",TRUE,4,5,"Denominator cohort 4","40 to 59","Female",365,2008-01-01,2012-01-01,NA,NA,FALSE,"IPCI"
"8",68726,68726,12,"Excluded due to prior event (do not pass outcome washout during study period)",36483,2793,1,"cohort_1",180,FALSE,"overall",TRUE,4,5,"Denominator cohort 4","40 to 59","Female",365,2008-01-01,2012-01-01,NA,NA,FALSE,"IPCI"
"8",68726,68726,14,"Not observed during the complete database interval",0,0,1,"cohort_1",180,FALSE,"overall",TRUE,4,5,"Denominator cohort 4","40 to 59","Female",365,2008-01-01,2012-01-01,NA,NA,FALSE,"IPCI"
"9",2674547,2674547,1,"Starting population",NA,NA,1,"cohort_1",180,FALSE,"years",TRUE,5,5,"Denominator cohort 5","40 to 59","Male",365,2008-01-01,2012-01-01,NA,NA,FALSE,"IPCI"
"9",2674547,2674547,2,"Missing year of birth",0,0,1,"cohort_1",180,FALSE,"years",TRUE,5,5,"Denominator cohort 5","40 to 59","Male",365,2008-01-01,2012-01-01,NA,NA,FALSE,"IPCI"
"9",2674547,2674547,3,"Missing sex",0,0,1,"cohort_1",180,FALSE,"years",TRUE,5,5,"Denominator cohort 5","40 to 59","Male",365,2008-01-01,2012-01-01,NA,NA,FALSE,"IPCI"
"9",2473581,2473581,4,"Cannot satisfy age criteria during the study period based on year of birth",200966,200966,1,"cohort_1",180,FALSE,"years",TRUE,5,5,"Denominator cohort 5","40 to 59","Male",365,2008-01-01,2012-01-01,NA,NA,FALSE,"IPCI"
"9",885755,885755,5,"No observation time available during study period",1587826,1587826,1,"cohort_1",180,FALSE,"years",TRUE,5,5,"Denominator cohort 5","40 to 59","Male",365,2008-01-01,2012-01-01,NA,NA,FALSE,"IPCI"
"9",885755,885755,6,"Doesn't satisfy age criteria during the study period",0,0,1,"cohort_1",180,FALSE,"years",TRUE,5,5,"Denominator cohort 5","40 to 59","Male",365,2008-01-01,2012-01-01,NA,NA,FALSE,"IPCI"
"9",510724,510724,7,"Prior history requirement not fulfilled during study period",375031,375031,1,"cohort_1",180,FALSE,"years",TRUE,5,5,"Denominator cohort 5","40 to 59","Male",365,2008-01-01,2012-01-01,NA,NA,FALSE,"IPCI"
"9",254892,254892,8,"Not Male",255832,255832,1,"cohort_1",180,FALSE,"years",TRUE,5,5,"Denominator cohort 5","40 to 59","Male",365,2008-01-01,2012-01-01,NA,NA,FALSE,"IPCI"
"9",71316,71316,10,"No observation time available after applying age, prior history and, if applicable, strata criteria",183576,183576,1,"cohort_1",180,FALSE,"years",TRUE,5,5,"Denominator cohort 5","40 to 59","Male",365,2008-01-01,2012-01-01,NA,NA,FALSE,"IPCI"
"9",105175,71316,11,"Starting analysis population",NA,NA,1,"cohort_1",180,FALSE,"years",TRUE,5,5,"Denominator cohort 5","40 to 59","Male",365,2008-01-01,2012-01-01,NA,NA,FALSE,"IPCI"
"9",68440,68440,12,"Excluded due to prior event (do not pass outcome washout during study period)",36735,2876,1,"cohort_1",180,FALSE,"years",TRUE,5,5,"Denominator cohort 5","40 to 59","Male",365,2008-01-01,2012-01-01,NA,NA,FALSE,"IPCI"
"9",68406,68406,14,"Not observed during the complete database interval",34,34,1,"cohort_1",180,FALSE,"years",TRUE,5,5,"Denominator cohort 5","40 to 59","Male",365,2008-01-01,2012-01-01,NA,NA,FALSE,"IPCI"
